Record_ID,Customer_Name,City,State,Region,Category,Sub_Category,Transaction_Date,Quantity,Unit_Price,Discount,Revenue,Profit,Rating,Status
AGR1000,Michelle Richardson,West Leslieland,Nebraska,West,A,Type2,13-05-2025,8,806.51,0.16,5539.98,4559.64,3.2,Completed
AGR1001,Patricia Levy,Beckburgh,Wyoming,West,C,Type3,14-07-2023,15,323.82,0.19,4995.95,3728.65,3.1,Completed
AGR1002,Melissa Robertson,South Robert,Nebraska,South,B,Type3,08-07-2025,16,269.48,0.28,6608.62,-39,1.7,Completed
AGR1003,Brittany Lopez,Robertmouth,Washington,South,C,Type1,26-09-2023,1,505.64,0.06,4950.83,4516.33,1.9,Pending
AGR1004,April Maxwell,,Rhode Island,South,B,Type1,25-04-2025,8,495.06,0.16,7107.18,1441.91,2.5,Pending
AGR1005,Debbie Yu,Rodrigueztown,Florida,West,B,Type2,13-01-2025,3,184.47,0.03,9414.47,797.76,2.6,Completed
AGR1006,Lauren Taylor,Christophertown,Maine,North,C,Type3,14-11-2024,7,881.27,0.14,3392.5,4628.81,4.1,Completed
AGR1007,Angelica Lin,North Carrie,Hawaii,East,B,Type2,02-10-2025,8,957.22,0.24,7651.7,3673.62,3.4,Cancelled
AGR1008,Gary Chapman,South Annside,Montana,West,B,Type1,27-07-2023,13,211.53,0.09,2536.14,3026.58,2.1,Completed
AGR1009,Janet Walter,South Pamela,Tennessee,West,C,Type2,09-05-2025,10,274.96,0.18,9334.23,1961.14,4,Completed
AGR1010,Mrs. Taylor Brock MD,Hoganview,Ohio,West,A,Type1,07-10-2023,13,62.26,0.2,9630.82,,3.7,Cancelled
AGR1011,Derrick Hill DVM,Amberbury,Arkansas,West,D,Type2,18-11-2025,3,432.69,0.05,2744.96,2966.04,3.5,Completed
AGR1012,Jenny Castaneda,South Erikaton,Delaware,West,C,Type2,26-01-2025,12,353.95,0.01,4278.91,4682.69,3.8,Completed
AGR1013,Michael Smith,Port William,Massachusetts,North,C,Type3,05-06-2023,6,303.22,0.05,836.47,410.61,2.8,Cancelled
AGR1014,Bryan Wilson,East Holly,New York,East,B,Type1,07-06-2024,15,915.51,0.17,3020.47,3542.32,4.8,Cancelled
AGR1015,Victoria Hunt,Oconnorside,Maine,South,B,Type3,20-05-2026,12,317.02,0.18,1386.22,1658.43,3.9,Pending
AGR1016,Jason Harris,Elliottchester,Michigan,West,C,Type1,15-09-2023,9,371.76,0.2,205.33,4680.83,2.2,Cancelled
AGR1017,Jessica Ryan,,Arkansas,East,C,Type2,17-02-2025,10,415.25,0.16,4748.85,1020.06,1.1,Completed
AGR1018,Deanna Harris,Lake Pamelamouth,New Mexico,West,B,Type3,11-09-2023,7,343.13,0.14,2241.39,2258.53,2.2,Pending
AGR1019,David Harding,Jacksonmouth,Maryland,West,C,Type1,16-08-2023,8,663.41,0.26,9214.9,-74.27,2.9,Completed
AGR1020,Donna Frazier,West Johnstad,Texas,South,D,Type3,17-09-2023,8,934.12,0.07,6321.33,4799.93,2.2,Cancelled
AGR1021,Mr. Joshua Silva,West Heathermouth,Colorado,North,C,Type1,12-05-2026,6,67.23,0.15,3148.53,1466.4,1.2,Cancelled
AGR1022,Robert Neal,Lake Brenda,Ohio,South,A,Type3,27-04-2024,3,73.03,0.17,8345.59,1908.53,1.5,Pending
AGR1023,Joanne Harris,West Jermaine,Maine,East,D,Type1,04-03-2025,16,999.41,0.04,3718.12,1263.01,4.9,Completed
AGR1024,John Hughes,Tanyabury,New York,West,B,Type1,27-09-2024,3,774,0.27,7195.17,3501.55,1.6,Completed
AGR1025,Elizabeth Bullock,Stricklandton,New Jersey,East,C,Type3,18-11-2025,7,378.77,0.2,9143.64,4993.91,2.7,Pending
AGR1026,Mark Harris,Marshallville,Rhode Island,West,D,Type3,15-03-2026,4,523.56,0.01,1319.48,-440.59,1.9,Completed
AGR1027,Stephanie Sawyer,Rodriguezfurt,Ohio,West,A,Type1,04-01-2024,14,779.29,0.02,5778.93,4106.26,4.2,Pending
AGR1028,Kenneth Casey,Flemingshire,Virginia,North,B,Type3,03-02-2025,19,107.93,0.25,6213.01,2852.81,2.6,Completed
AGR1029,Julie Cook,East Brendabury,New York,South,C,Type3,22-08-2023,9,342.65,0.07,8815.99,585.84,1.9,Pending
AGR1030,Justin Edwards,West Susanbury,South Carolina,East,B,Type3,12-10-2023,13,744.69,0.23,8745.7,,4.2,Cancelled
AGR1031,Darrell Wolfe,Michaelland,Missouri,North,B,Type1,14-08-2025,13,652.21,0.17,3520.7,-191.4,2.8,Pending
AGR1032,Tara Daugherty,Paulchester,Iowa,South,B,Type1,26-01-2024,10,408.33,0.26,653.97,1769.23,2.2,Pending
AGR1033,Mary Parker,East Brianland,North Carolina,East,B,Type2,22-05-2024,4,405.29,0.18,6670.03,3813.85,2.4,Cancelled
AGR1034,Terri Gomez,Port Eileenville,Virginia,West,A,Type3,15-01-2025,11,953.99,0.19,1387.73,380.01,2.7,Pending
AGR1035,Stephanie Sanders,East Roger,Washington,North,C,Type1,15-05-2025,9,779.01,0.25,3293.75,2145.82,2.7,Pending
AGR1036,Ashley Brown DDS,New Matthew,Colorado,South,A,Type2,06-12-2023,19,975.71,0.16,1822.98,-174.42,2.2,Cancelled
AGR1037,Stephanie Lewis,Timothyberg,California,East,B,Type1,18-12-2025,18,511.82,0.11,5694.34,1123.57,5,Pending
AGR1038,Joanna Graham MD,Lewisberg,Wyoming,West,A,Type1,25-12-2024,17,607.28,0.24,8378.66,2650.89,3.2,Cancelled
AGR1039,Margaret Davis,Lopezborough,Louisiana,North,C,Type2,09-04-2025,12,696.62,0.11,1640.3,2161.76,3.1,Completed
AGR1040,Kathryn Smith,Daveburgh,Alaska,West,C,Type3,01-07-2024,6,405.76,,8393.21,988.47,2.7,Cancelled
AGR1041,Nicole Robertson,Adamshire,Indiana,West,D,Type2,22-01-2026,18,373.86,0.17,1713.14,434.18,4.1,Pending
AGR1042,Luis Mcgrath,Robertsland,Hawaii,East,D,Type2,15-06-2023,11,26.64,0.18,3072.48,1166.84,1.4,Pending
AGR1043,Eric Martin,Lake Stephanie,Minnesota,North,A,Type3,13-04-2025,7,377.53,0.12,5811.48,293.31,4.3,Pending
AGR1044,Jeffrey Davis,Mariebury,Alaska,North,D,Type1,19-10-2024,1,234.76,0.19,2593.98,3930.92,1.8,Completed
AGR1045,Jacob Pitts,Harristown,Georgia,West,C,Type1,20-04-2026,13,390.74,0.1,4827.59,4894.25,4.8,Completed
AGR1046,Justin Walker,Fergusonfort,Virginia,East,D,Type2,22-07-2025,19,378.38,0.17,6159.09,281.61,4.2,Completed
AGR1047,Kaitlyn Fisher,Amberton,Michigan,North,D,Type2,22-02-2024,7,271.28,0.03,7630.35,-355.18,3.9,Completed
AGR1048,Adrienne Kelly,North Donnashire,Louisiana,North,C,Type3,12-08-2023,3,841.24,0.29,1859.63,3848.71,4.4,Pending
AGR1049,Danny Wright,Port Sarastad,Alaska,North,A,Type2,03-10-2025,14,961.49,0.02,9202.25,1048.86,3,Pending
AGR1050,Barbara White,West Garyside,Iowa,South,A,Type2,08-03-2025,17,543.31,0,2290.24,511.18,4,Pending
AGR1051,Stephanie Miller,Lake Hannahburgh,Delaware,North,D,Type3,26-09-2025,1,889.13,0.18,1963.81,3574.35,4.9,Cancelled
AGR1052,Wesley Brown,,Vermont,South,A,Type2,04-12-2024,16,817.57,0.18,267.14,3004.72,3.6,Cancelled
AGR1053,Jared Olson,Lindatown,Illinois,West,C,Type3,26-10-2025,10,930.32,0.28,232.9,1161.1,2.6,Pending
AGR1054,Alexander Harris,Nicolefort,Kansas,South,B,Type1,05-01-2024,17,927.53,0.01,2912.21,4745.65,4.5,Completed
AGR1055,Diane Hickman,New John,Indiana,South,C,Type2,07-07-2025,10,63.43,0.12,8802.84,64.64,2.2,Completed
AGR1056,Linda Mclaughlin,West Erik,Nevada,South,D,Type3,23-07-2024,3,237.29,0.12,3437.25,2674.3,4.6,Pending
AGR1057,Brandon Wilson,,North Dakota,North,B,Type2,17-09-2024,15,570.66,0.08,8581.48,991.41,1.2,Completed
AGR1058,Brad Joseph,Laneberg,Michigan,West,A,Type2,18-07-2025,7,701.54,0.25,647.07,4684.36,2,Cancelled
AGR1059,Ray Gonzalez,Carrollmouth,North Dakota,West,A,Type2,28-08-2023,19,863.63,0.23,6079.7,4416.22,1.5,Pending
AGR1060,Benjamin Andrews,Lake Christinehaven,Pennsylvania,North,B,Type2,27-10-2024,6,69.26,0.25,8576.38,-249.69,5,Completed
AGR1061,Juan Gonzalez,Elizabethfurt,Maine,East,B,Type3,14-06-2023,13,85.87,0.16,2634.98,3603.93,1.8,Cancelled
AGR1062,Kelsey Grant,West Garyville,Kentucky,West,B,Type1,18-12-2025,11,191.01,0.17,4725.05,4947.48,4.6,Pending
AGR1063,Joshua Cruz,Aaronbury,Colorado,West,A,Type2,25-05-2026,12,851.07,0.2,6427.1,3652.4,4.6,Pending
AGR1064,Robert Gomez Jr.,Nathanhaven,Maine,North,A,Type3,06-02-2024,1,316.15,0.23,3608.71,108.86,3.5,Cancelled
AGR1065,Jason Patterson,East Samanthaton,Pennsylvania,South,A,Type1,08-05-2024,19,87.74,0.11,3979.53,2846.23,1.7,Completed
AGR1066,James Richardson,Smithview,Ohio,North,C,Type3,27-03-2024,7,801.12,0.24,9808.2,2633.89,4.8,Completed
AGR1067,Fred Day,Wheelermouth,Nevada,South,A,Type2,07-07-2024,6,200.37,0.01,9359.7,1377.35,2.2,Cancelled
AGR1068,James Alexander,West Rebekah,Mississippi,West,B,Type1,19-07-2025,2,134.61,0.13,6503.07,1036.24,4.1,Cancelled
AGR1069,David Martinez,Farmerfurt,Maryland,North,C,Type1,04-03-2024,9,354.01,0.02,7639.33,2314.48,1.9,Cancelled
AGR1070,Christopher Nichols,South Jacqueline,Nevada,South,D,Type2,22-02-2025,7,725.97,0,2172.01,4457.84,4.2,Cancelled
AGR1071,Lauren Johns,East Timothyberg,Pennsylvania,South,A,Type2,18-06-2024,4,178.41,0.16,4656.42,4576.76,2,Cancelled
AGR1072,John Black,Grantchester,Virginia,North,A,Type1,16-12-2024,19,499.32,0,6909.49,1265.23,4.6,Cancelled
AGR1073,Charles Calhoun,West Aprilshire,South Carolina,East,C,Type3,24-01-2025,6,360.22,0.26,6814.68,557.63,3.1,Cancelled
AGR1074,Tom Williams,North Kevinbury,Texas,West,A,Type2,08-09-2023,13,16.17,0,9793.66,2319.38,1.7,Completed
AGR1075,Kyle Pruitt,West Devon,Massachusetts,East,D,Type1,12-05-2024,6,343.91,0.17,9267.55,2313.54,2.8,Cancelled
AGR1076,Stacie Lozano,South Megan,Minnesota,South,B,Type2,18-06-2023,5,490.59,0.13,5319.45,266.23,2.3,Completed
AGR1077,Michael Hamilton,Rosarioshire,New York,East,C,Type2,14-12-2023,11,212.61,0.1,477.39,,1.3,Pending
AGR1078,Jesse Hinton,East Evan,New Jersey,South,C,Type2,25-12-2024,3,234.47,0.18,3008.79,3016.15,2,Pending
AGR1079,Christopher Andrews,Markbury,Iowa,East,C,Type2,15-01-2024,14,113.57,0.04,6264.38,395.33,2.9,Completed
AGR1080,John Mcconnell,Lawsonstad,Idaho,South,D,Type1,08-08-2025,6,295.06,0.07,753.18,1138.92,2.1,Pending
AGR1081,Karen Rogers,Ponceside,Nevada,West,C,Type1,02-06-2023,19,630.05,,9771.52,3269.24,2.9,Completed
AGR1082,Robin Tucker,Hughesside,Wyoming,South,A,Type1,19-07-2023,18,728.72,0.21,5925.32,4074.79,1.4,Cancelled
AGR1083,Jonathon Hill,Guzmanhaven,Delaware,South,C,Type1,04-06-2025,18,938.45,0.04,2012.73,3595.29,3.6,Completed
AGR1084,Sean Tran,Millerton,Indiana,South,C,Type3,20-11-2024,13,856.88,0.17,7911.96,4589.25,1.2,Completed
AGR1085,Thomas Gibson,Port Deniseburgh,Colorado,South,D,Type2,11-10-2025,15,116.51,0.2,2543.9,4178.06,4.5,Pending
AGR1086,Kenneth Wolfe,Bellport,New Mexico,North,C,Type3,13-07-2023,4,749.92,0.28,6616.84,1907.06,4,Cancelled
AGR1087,Lauren King,Lake Charleschester,Hawaii,West,D,Type1,09-09-2025,2,543.28,0.15,9971.41,4477.72,1.3,Cancelled
AGR1088,David Burton,Port Edwardberg,Nebraska,North,B,Type2,09-03-2024,17,544.7,0.2,2766.06,1691.8,4.2,Cancelled
AGR1089,Anita Moore,Gomezport,Georgia,East,C,Type1,30-04-2024,7,317.02,0.11,549.9,776.79,3.8,Cancelled
AGR1090,Calvin Larsen,North Markville,Massachusetts,North,C,Type3,25-02-2025,4,473.59,0.19,8964.3,2931.35,4.5,Cancelled
AGR1091,David Jordan,Hunterport,Montana,West,D,Type1,05-09-2023,13,720.04,0.09,1316.06,4860.66,5,Cancelled
AGR1092,David Boyd,Lake Thomas,Georgia,East,C,Type1,21-10-2023,9,765.03,0.14,8843.66,3839.28,2,Cancelled
AGR1093,Justin Wilson,Port Chelseaview,Michigan,West,D,Type3,31-01-2024,7,455.81,0.19,2650.38,3058.15,1.8,Pending
AGR1094,Debbie Evans,Georgeside,California,North,D,Type3,13-06-2024,14,708.15,0.27,6979.56,3964.97,1.6,Completed
AGR1095,Daniel Bennett,South Amandaberg,Washington,East,D,Type2,17-07-2025,8,712.27,0.23,159.79,-116.88,2.2,Pending
AGR1096,Shawn French,Sheilaland,New Hampshire,West,A,Type2,22-04-2025,15,912.98,0.26,5549.18,344.66,1.1,Pending
AGR1097,Steven Mcdonald,Anthonyfort,Pennsylvania,East,D,Type1,09-06-2023,3,431.08,0.15,739.11,3376.08,3,Completed
AGR1098,Kevin Bond,East Joanna,Missouri,North,B,Type2,08-09-2025,3,244.19,0.16,9313.18,1749.73,1.1,Cancelled
AGR1099,Jeffery Murphy,North Brittney,Alaska,South,C,Type3,24-03-2025,9,353.82,0.1,7908.57,4389.15,1.6,Completed
AGR1100,Brooke Lindsey,New Johnmouth,Connecticut,West,C,Type1,15-04-2026,13,427.1,0.14,2030.15,92.47,3.4,Pending
AGR1101,Alexandra Robinson,Shaneland,Nevada,East,D,Type3,21-10-2023,16,204.62,0.2,1300.72,1552.43,3.3,Cancelled
AGR1102,Adrienne Bell,Carrton,Colorado,South,D,Type2,28-10-2024,4,125.69,0.13,8443.14,3118.26,2.6,Completed
AGR1103,Paul Davidson,East Stephanie,Iowa,West,D,Type3,29-07-2025,1,914.04,0.16,1388.6,331.91,1.3,Completed
AGR1104,Theresa Lloyd,Aaronside,Rhode Island,West,B,Type1,23-08-2023,2,299.05,0.22,589.11,1756.92,4.9,Pending
AGR1105,Mrs. Maria Edwards,Lindseyton,Montana,North,B,Type2,02-09-2025,6,938.08,0.15,3070.55,4259.99,2.3,Cancelled
AGR1106,Deborah Johnson,Port Sandraview,Georgia,East,A,Type3,20-08-2025,19,708.97,0.14,1750.73,-257.91,2.6,Cancelled
AGR1107,Kimberly Bryant,Tammychester,West Virginia,South,A,Type3,01-02-2024,3,310.11,0.3,5440.03,4557.7,5,Cancelled
AGR1108,Colin Harvey,Boydmouth,Minnesota,South,D,Type2,23-01-2024,6,318.18,0.02,864.59,2355.13,3.7,Cancelled
AGR1109,Patrick Petersen,New Amandamouth,Colorado,West,C,Type2,06-06-2025,2,297.45,0.26,1357.23,2814.19,2.2,Cancelled
AGR1110,Ashley Jones,West Michellehaven,South Dakota,West,D,Type3,21-08-2024,6,450.6,0.06,7492.33,770.75,3.6,Completed
AGR1111,Carrie Hernandez,Moralesburgh,Alabama,West,C,Type3,16-03-2024,5,63.71,0.17,9262.8,1829.96,2.9,Completed
AGR1112,Stephanie Roberts,South Erikshire,Vermont,West,B,Type1,05-03-2024,10,118.77,0.17,4660.41,4251.79,1,Completed
AGR1113,Ricky Hawkins,Santosland,Oregon,North,A,Type3,04-08-2025,11,33.7,0.15,7475.77,3636.46,3,Cancelled
AGR1114,Ricky Marquez,Timothyview,Massachusetts,North,C,Type3,26-01-2025,10,83.31,0.07,5783.09,4769.41,3.7,Completed
AGR1115,Rachel Hamilton,Fisherchester,Oklahoma,West,C,Type3,24-12-2025,14,432.25,0.28,3817.35,3423.19,3.3,Cancelled
AGR1116,Kelsey Cooke,Matthewton,Nebraska,West,B,Type2,03-07-2023,2,60.13,0,8052.83,1334.37,4.9,Cancelled
AGR1117,Nicole Ramirez,East Codyshire,Colorado,North,D,Type1,09-02-2026,8,417.71,0.29,132.09,4330.85,3,Pending
AGR1118,Corey Stewart,New Robert,Ohio,North,A,Type1,09-04-2025,1,853.58,0.06,5919.17,1414.32,2,Cancelled
AGR1119,Darren Rowe,West Kristenton,Tennessee,East,D,Type2,09-10-2025,5,406.09,0.21,6761.41,861.06,2,Completed
AGR1120,Donna Harrison,North Jasonshire,California,West,C,Type3,18-08-2023,16,241.53,0.1,3559.7,-107.63,4.1,Pending
AGR1121,Melissa Ross,Hurstmouth,South Carolina,West,D,Type2,30-09-2023,10,349.95,0.11,5555.05,1094.82,1.6,Pending
AGR1122,Emily Long,New Ashleyburgh,Ohio,South,A,Type2,24-01-2025,6,553.9,0.1,6729.6,744.19,2.6,Completed
AGR1123,Gina Terry,,Delaware,South,B,Type3,14-07-2023,16,60.21,0.11,1142.37,4850.23,3.4,Pending
AGR1124,Lisa Young,Alexandershire,Minnesota,South,A,Type3,18-03-2026,4,459.95,0.19,5613.81,2752.42,4.2,Pending
AGR1125,Brittany Mckenzie,Brianborough,Mississippi,North,C,Type3,22-12-2024,15,576.68,0.24,7081.68,-39.88,2.5,Cancelled
AGR1126,Gregory Walker,East Sara,Washington,East,B,Type2,09-02-2026,7,819.8,0.04,4344.39,3502.63,3.5,Completed
AGR1127,Amanda Stone,North Deannaburgh,Connecticut,West,D,Type2,16-06-2023,3,660.09,,1903.5,3992.69,3.7,Cancelled
AGR1128,Melissa Silva DVM,Susanfurt,Utah,North,B,Type2,20-08-2023,11,384.65,0.3,6738.66,-422.84,1.7,Cancelled
AGR1129,Jenna Watson,South Carol,Pennsylvania,North,D,Type2,09-01-2024,11,824.64,0.21,4712,2340.98,1.4,Completed
AGR1130,Jonathan Hooper,New Lauren,Louisiana,East,A,Type2,07-04-2025,9,113.07,0.12,2587.18,3165.12,4.7,Pending
AGR1131,John Shah,East Lindsayfort,Virginia,South,B,Type1,05-03-2026,1,260.89,0.12,6686.76,,2.9,Cancelled
AGR1132,Kendra Nicholson,New Alexander,Arizona,West,B,Type1,10-05-2024,8,563,0.27,6947.95,5.91,3.6,Cancelled
AGR1133,Linda Evans,East Scottport,Missouri,West,D,Type2,27-10-2023,6,908.67,0.25,3065.05,3817.59,1.6,Pending
AGR1134,Jonathan Fischer,Port Jason,Ohio,East,B,Type2,08-02-2026,2,433.92,0.3,5691.02,3562.61,2.8,Cancelled
AGR1135,Harry Miller,Christinemouth,Connecticut,South,A,Type1,26-06-2025,4,860.96,0.22,8659.78,3730.95,1.7,Pending
AGR1136,Gregory Mitchell,Stevenburgh,Oregon,South,D,Type1,21-07-2024,12,267.14,0.1,9442.88,-164.11,1.2,Completed
AGR1137,Sydney Banks,Lyonsview,New Hampshire,North,C,Type1,01-04-2024,7,418.07,0.26,5797.1,3272.56,4.6,Completed
AGR1138,Alexander Taylor,South Patriciaview,Connecticut,West,A,Type2,12-04-2024,8,451.73,0.1,2487.09,1713.38,3.4,Completed
AGR1139,Brittany Davis,West Gabrielleberg,Utah,West,C,Type1,14-04-2024,5,587.07,0.03,8211.31,767.23,2.8,Cancelled
AGR1140,Derek May,Walkerfurt,Idaho,West,D,Type1,28-02-2025,15,801.12,0.25,601.22,1669.03,4.4,Pending
AGR1141,Vanessa Santana,Travisport,Oregon,South,C,Type1,23-07-2024,17,928.53,0.18,3198.43,3.39,3,Cancelled
AGR1142,Michael Trujillo,Kellymouth,Washington,East,D,Type2,08-07-2024,1,430.49,0.19,3618.97,174.86,1.4,Completed
AGR1143,Terry Moore,North Brittanyton,Connecticut,East,A,Type3,18-05-2026,8,454.97,0.1,683.08,1339.39,4.2,Cancelled
AGR1144,Brandon Parker,Mooremouth,Nevada,East,D,Type2,14-11-2024,16,114.3,0,7829.64,1139.38,3,Completed
AGR1145,Patricia Brock MD,Mcgeetown,California,West,C,Type3,18-09-2025,11,710.77,0.17,5761.91,2556.03,2.7,Cancelled
AGR1146,Brittany Evans,New Tammy,Wyoming,East,A,Type3,02-12-2025,10,424.17,0.23,4461.62,-58.34,3.9,Completed
AGR1147,Mark Diaz,Jacobsonbury,Georgia,East,C,Type1,17-03-2026,7,660.91,0.27,943.07,1594.02,3.4,Completed
AGR1148,Deborah Hill DVM,Port Gregorytown,Oregon,West,A,Type1,07-09-2024,6,606.78,0.28,8626.02,4309.66,3.4,Cancelled
AGR1149,Sharon Nguyen,South Tylerbury,Louisiana,South,D,Type2,13-02-2025,12,15.77,0.24,9949.65,4293.44,4.5,Pending
AGR1150,Miguel Hall,West Aaron,Oregon,East,C,Type1,09-03-2024,8,49.59,0.13,3965.16,2179.2,2.9,Completed
AGR1151,Michael Buckley,Travishaven,North Dakota,East,C,Type1,26-09-2024,15,869.52,0.09,7798.5,3969.93,2.1,Cancelled
AGR1152,Darryl Stuart,Cunninghamville,Kentucky,South,A,Type2,05-04-2025,18,172,0.09,5448.08,378.99,2.3,Cancelled
AGR1153,Cory Hamilton,Port Susantown,Washington,West,A,Type3,28-10-2025,12,480.65,,3976.33,500.33,4.8,Pending
AGR1154,Mckenzie Wood,North Cameronchester,Arizona,West,A,Type3,08-01-2025,16,359.58,0.09,4538.02,-197.95,1.2,Pending
AGR1155,Eric Perry,North Marieton,Mississippi,North,C,Type2,05-10-2025,1,562.26,0.16,7330.29,3676.51,3.1,Pending
AGR1156,Susan West,Michelleton,California,East,C,Type3,13-10-2023,1,317.07,0.22,6401.55,3116.54,4.1,Completed
AGR1157,Karen Wyatt,North Rhonda,Kentucky,East,B,Type2,20-12-2025,9,422.08,0.02,8735.54,3759.09,4.1,Pending
AGR1158,Sandra Harper DDS,Jeffersonfurt,North Carolina,North,A,Type2,09-02-2025,8,178.91,0.15,6913.64,1250.53,4.7,Completed
AGR1159,Angel Hughes,Mirandahaven,New Mexico,West,C,Type1,19-08-2024,3,502.17,0.2,2868.51,866.68,4.6,Cancelled
AGR1160,Patrick Dickerson,Carterborough,Connecticut,West,D,Type3,19-09-2023,2,869.4,0.27,4404.53,2238.62,4.9,Cancelled
AGR1161,Ryan Parker,Lake Stephen,Colorado,West,A,Type2,07-03-2026,2,954.11,0.24,8558.29,605.12,2.1,Pending
AGR1162,Tammy Nash,East Megan,Delaware,North,D,Type3,30-04-2026,7,213.45,0.19,2524.04,1081.67,2.4,Cancelled
AGR1163,Christian Bailey,South Laurafort,Oregon,North,C,Type1,11-09-2025,17,158.04,0.22,7870.61,830.33,3.8,Pending
AGR1164,Jose Cruz,Robertton,Ohio,North,A,Type2,10-05-2024,19,188.44,0.11,8532.79,4938.04,2,Completed
AGR1165,Joanna Hall,Walkerfurt,New York,East,D,Type2,23-01-2024,7,424.37,0.03,7838.12,4657.62,3.7,Cancelled
AGR1166,Shawn Harris,Rachelmouth,Kentucky,East,C,Type3,05-03-2024,13,100.15,0.2,1496.05,998.57,3.4,Pending
AGR1167,Kevin Lucas,Owensstad,Alabama,East,C,Type3,26-10-2024,9,821.27,0.17,5055.24,,2.9,Cancelled
AGR1168,Frank Anderson,Donnaborough,California,West,D,Type1,15-04-2024,3,269.36,0.25,9417.65,3688.67,1.9,Pending
AGR1169,Robert Thomas,Kingborough,Rhode Island,East,C,Type3,18-07-2025,16,435.66,0.05,1514.38,1301.19,2.2,Pending
AGR1170,Andrew Villarreal,,Florida,North,C,Type2,21-03-2024,10,236.3,0.29,9521.28,2264.87,4.3,Pending
AGR1171,Mary Hurley,Cherylborough,Nebraska,South,C,Type3,13-04-2026,1,197.21,0.26,6486.7,3284.44,4.2,Cancelled
AGR1172,Gary Morrison,Rossside,Nebraska,East,B,Type1,09-07-2023,11,35.35,0.25,7228.72,371.24,1.4,Completed
AGR1173,Briana Garcia,West Robert,Illinois,West,D,Type2,26-10-2023,13,443.73,0.13,2908.29,336.81,1.8,Cancelled
AGR1174,Emma Smith MD,East Derek,Louisiana,West,D,Type2,17-08-2023,7,872.82,0.1,3286.76,1508.62,2,Pending
AGR1175,Jennifer Lee,Whiteview,Oregon,West,B,Type3,25-07-2025,7,242.74,0.25,885.74,2407.26,1.9,Pending
AGR1176,Russell Owens,East Alexanderhaven,New York,North,A,Type2,23-09-2025,7,180.41,0.12,6348.47,1214.01,3.6,Cancelled
AGR1177,Anthony Russell,Laratown,Alaska,North,A,Type1,01-07-2023,4,434.34,0.16,2102.54,4439.11,1.6,Pending
AGR1178,Christopher Watson,New Alyssaville,New Hampshire,East,D,Type3,11-09-2023,17,905.33,0.1,4937.79,2508.62,1.7,Completed
AGR1179,Lindsey Wagner,West Daniel,Iowa,West,C,Type3,09-06-2024,13,360.74,0.19,5868.14,-442.99,4.2,Completed
AGR1180,Austin Robinson,Port Jacob,North Dakota,East,C,Type2,06-12-2024,4,398.97,0.19,3238.3,4561.09,3.7,Pending
AGR1181,Caitlin White,Davidchester,Rhode Island,North,C,Type2,06-11-2025,6,889.58,0.01,1268.31,3853.16,1.4,Pending
AGR1182,Erica Leonard,New Keithshire,Wisconsin,East,B,Type2,27-03-2026,8,459.81,0.04,9574.8,4641.29,3,Cancelled
AGR1183,Mr. Michael Ward MD,New Eric,Kansas,West,A,Type2,23-10-2025,14,621.71,0.2,6126.4,313.29,1.2,Cancelled
AGR1184,Carolyn Collins,New Tyler,Michigan,South,C,Type2,27-10-2023,4,255.19,0.25,599.53,-263.71,4.2,Cancelled
AGR1185,Ronald Santiago,Wrightburgh,Vermont,East,A,Type1,16-12-2025,11,503.59,0.26,380.14,4826.75,3.6,Completed
AGR1186,Amy Holland,South Dianamouth,Iowa,South,B,Type1,01-08-2023,11,636.96,0.08,6985.17,3216.58,1.8,Cancelled
AGR1187,Samantha Dixon,Patriciamouth,California,South,C,Type3,09-03-2026,17,411.83,0.24,7528.72,1550.75,1,Pending
AGR1188,Dennis Wright,Tiffanyshire,Texas,South,A,Type3,08-07-2023,14,900.43,0.09,8237.66,3292.31,4.1,Completed
AGR1189,Cindy Silva,Lake Shannon,Wyoming,East,A,Type1,04-10-2024,16,610.02,0.18,1943.75,1478.25,1.1,Completed
AGR1190,Bobby Cortez,Johnsonport,Vermont,South,C,Type3,20-01-2024,4,907.07,0.08,4247.02,2815.61,4.7,Completed
AGR1191,Victor Torres,Barnesport,Arizona,West,D,Type1,09-12-2024,14,221.82,0.23,3121.11,3647.8,2,Pending
AGR1192,Robert Gallegos,New Cynthiaville,Colorado,North,D,Type2,16-03-2025,3,32.77,0.29,4389.24,2799.81,2.3,Pending
AGR1193,Stephen Montoya,Port Johnchester,Tennessee,North,A,Type2,15-09-2025,16,307.85,0.29,791.86,4696.38,3.1,Pending
AGR1194,Patricia Walsh,Leebury,North Dakota,West,D,Type3,03-01-2025,14,918.93,0.03,5751.01,203.54,2.4,Pending
AGR1195,Martin Dickerson,New Stefaniemouth,Connecticut,South,D,Type1,24-06-2023,16,818.57,0.28,3406.3,3027.24,2.1,Cancelled
AGR1196,Jesse Higgins,Williamsstad,Maryland,North,B,Type3,03-02-2024,15,601.59,0.2,6833.1,477.07,2.5,Pending
AGR1197,Sharon Arnold,Rogersside,Mississippi,East,A,Type3,11-09-2023,19,661.96,0.09,2122.53,739.63,4.6,Cancelled
AGR1198,Jeffrey Norman,Ronaldport,Florida,South,C,Type3,29-05-2023,4,909.59,0.17,5723.1,557.86,3.4,Pending
AGR1199,Joseph Smith,East Laura,Tennessee,North,D,Type1,18-07-2024,9,840.17,0.06,5425.07,2497.73,1.6,Cancelled
AGR1200,Mitchell Richardson,East Jeffreyport,Maine,North,B,Type3,24-03-2025,3,799.48,0.29,5987.89,4526.81,3.1,Cancelled
AGR1201,Leroy Weaver,North Melissachester,Florida,South,D,Type3,26-05-2026,2,45.58,0.22,3238.59,3046.14,2.4,Cancelled
AGR1202,Daniel White,Stephanieberg,Massachusetts,North,B,Type1,29-07-2024,6,531.5,0.28,8792.3,697.69,2.3,Pending
AGR1203,Christina Johnson,Lake Walter,Wisconsin,West,B,Type2,26-12-2024,17,468.69,0.02,2467.06,3813.32,3.6,Pending
AGR1204,Alicia Vasquez,Brownfurt,Wyoming,North,B,Type1,17-12-2023,11,983.96,0.26,1403.84,3499.46,3.6,Cancelled
AGR1205,Timothy Rojas,South Brandon,Wisconsin,South,C,Type2,09-10-2023,16,505.89,0.15,3455.6,782.74,4.3,Pending
AGR1206,Dennis Brandt,South Annfort,Minnesota,West,A,Type2,08-04-2024,4,176.02,0.05,9769.53,1563.41,2,Completed
AGR1207,Lauren Roberson,Edwinport,Florida,North,C,Type3,02-01-2024,6,107.86,0.01,5730.3,16,2.9,Pending
AGR1208,Gabriel Hardy,South Rebeccaburgh,Delaware,South,A,Type2,11-03-2026,14,124.82,0.15,4078.13,2214.95,4,Completed
AGR1209,Courtney Howard,South Diane,Louisiana,East,B,Type1,21-08-2024,6,862.24,0.3,6147.11,3328.05,4.2,Completed
AGR1210,Michelle Willis,Reedborough,Iowa,West,C,Type2,05-05-2025,4,396.44,0.2,1562.75,4086.69,1.4,Completed
AGR1211,Joshua Thomas,Port Daniel,Tennessee,North,A,Type3,07-08-2024,2,566.01,0.05,4734.92,3792.29,3.1,Completed
AGR1212,Erika Hudson,New Veronica,North Dakota,South,A,Type3,13-06-2025,9,909.7,0.01,8007.65,2479.68,4.9,Pending
AGR1213,Ashley Berg,,Utah,West,D,Type1,31-08-2024,11,972.61,0.14,1918.77,1085.17,1.2,Pending
AGR1214,Gary York,Hensleyview,Florida,South,C,Type3,21-04-2024,4,896.09,0.22,8216.12,4918.07,2,Pending
AGR1215,Jeremy Bates,Coreyburgh,Ohio,West,D,Type2,30-08-2023,5,562.66,0.1,1579.43,3863.57,1.9,Cancelled
AGR1216,Tyler Tucker,Davisport,Vermont,South,A,Type1,08-03-2025,15,164.69,0.02,7474.22,2442.88,4.2,Cancelled
AGR1217,Tara Simon,Philipport,Montana,East,B,Type2,22-08-2024,3,236.32,0.11,641.08,2632.21,4.3,Cancelled
AGR1218,Jamie Hawkins,Port Brittneychester,Idaho,North,D,Type3,25-03-2025,2,900.62,0.14,4072.49,3580.81,2.9,Completed
AGR1219,John Williams,Wallaceton,Minnesota,North,C,Type2,28-03-2024,5,684.15,0.17,7352.89,3339.47,1.8,Completed
AGR1220,Kristen Pittman,North Carolineville,Georgia,South,A,Type1,27-07-2023,15,135.36,0.13,3775.16,4627.63,3,Cancelled
AGR1221,Caroline Johnson,South Shirley,Oregon,East,B,Type1,04-10-2025,10,488.34,0.03,3194.07,259.79,3.6,Completed
AGR1222,Mrs. Ruth Wright,Lake Jessicaside,Tennessee,South,C,Type2,04-10-2023,5,208.26,0.03,4836.29,1202.54,2.1,Cancelled
AGR1223,Scott Chen,Ortegaland,West Virginia,South,C,Type2,01-11-2024,2,100.02,0.13,5034.08,3432.1,1.4,Pending
AGR1224,Megan Anderson,Hilltown,Mississippi,East,A,Type1,14-03-2025,4,650.28,0.02,512.88,2531.05,2.9,Completed
AGR1225,Mr. Joseph Morgan,East Lisa,North Carolina,North,C,Type3,28-03-2026,3,657.67,0.1,1458.67,4563.23,2.6,Cancelled
AGR1226,Nicole Rodriguez,Johnsonton,Minnesota,East,A,Type1,11-11-2025,18,128.03,0.07,5498.27,1869.01,4.7,Completed
AGR1227,Craig Walton,Webbfort,Rhode Island,North,A,Type3,21-11-2023,16,675.17,0.03,5104.09,714.6,3,Pending
AGR1228,Rebecca Burton,Lutzview,New Hampshire,East,D,Type1,13-02-2026,6,553.24,0.09,4372.11,-87.2,3.2,Completed
AGR1229,Sarah Coleman,New Luismouth,Texas,North,C,Type1,19-05-2026,15,577.55,0.25,4125.65,2185.88,2.7,Completed
AGR1230,Barbara Hall,Millerville,New Mexico,North,D,Type1,17-12-2024,7,337.7,0.23,605.82,3888.06,4.6,Pending
AGR1231,Deborah Johnston,Richardsonfort,South Carolina,South,D,Type1,17-11-2023,4,454.19,0.1,816.02,251.8,1.8,Cancelled
AGR1232,John Shaw,Amyshire,Michigan,North,B,Type3,11-05-2024,11,84.41,0.05,8721.01,4307.24,1.2,Completed
AGR1233,Gwendolyn Ross,South Natalie,Idaho,North,D,Type2,25-12-2023,17,918.9,0.09,4165.75,3684.89,2.9,Cancelled
AGR1234,Justin Anderson,South Bettyburgh,Delaware,North,D,Type1,24-05-2026,12,43.38,0.22,3913.61,301.57,4.8,Pending
AGR1235,Andrew Gordon,Michaelstad,New Jersey,South,C,Type1,16-06-2024,13,486.64,0.11,656.66,3085.87,2.7,Cancelled
AGR1236,Travis Shaw,Matthewton,Minnesota,West,A,Type2,11-04-2025,12,601.26,0.16,1312.39,2508.31,2.8,Cancelled
AGR1237,Chad Clark,Cameronshire,Washington,West,D,Type2,09-05-2026,13,204.23,0.29,2435.27,840.78,4.5,Pending
AGR1238,Billy Fischer,Kylestad,Texas,South,B,Type1,18-03-2024,3,990.31,0.16,7072.68,2588.24,4.6,Cancelled
AGR1239,Kimberly Winters,North Robert,New Jersey,East,C,Type2,11-06-2023,17,58.34,0.1,9258.61,-452.34,1.7,Pending
AGR1240,Miguel Pugh,Dunnshire,Florida,North,B,Type2,30-06-2025,5,67.41,0,5779.23,-298.47,3.9,Cancelled
AGR1241,Courtney Kane,Derekstad,Delaware,West,C,Type3,04-10-2024,1,246.15,0.14,6022.61,2676.76,4.3,Completed
AGR1242,Jonathan Herrera,Davidville,Minnesota,East,B,Type3,08-11-2023,6,783.99,0.21,4807.46,744.23,1.4,Cancelled
AGR1243,Melissa Hart,Mataburgh,Iowa,South,D,Type2,16-05-2025,10,849.21,0.11,1645.21,2588.92,4.4,Cancelled
AGR1244,Randy Braun,South Crystalberg,Ohio,South,C,Type2,20-09-2024,7,286.35,0.13,3507.39,2319.46,2.3,Cancelled
AGR1245,Joseph Cooper,North Denise,Alabama,West,D,Type1,13-01-2025,12,515.96,0.23,9256.89,2971.17,1.7,Cancelled
AGR1246,Michael Watson,Williamsstad,South Carolina,East,A,Type3,11-09-2025,2,391.64,0.26,4044.19,-31.03,4.8,Pending
AGR1247,Laura Ruiz,Bowershaven,Delaware,East,C,Type3,05-05-2024,15,819.62,0.25,2797.01,2077.67,2.8,Cancelled
AGR1248,Larry Mccarty,Paulchester,Colorado,East,D,Type1,25-05-2026,3,269.42,0.13,1590.12,992.95,4.2,Pending
AGR1249,Cheryl Parker,North Jonathan,Vermont,North,C,Type1,10-06-2023,14,652.02,0.09,4826.38,2563.8,2,Pending
AGR1250,Matthew Wong,Port Jacobstad,Maine,North,D,Type1,18-04-2026,12,518.58,0.17,8919.93,3615.75,3.9,Cancelled
AGR1251,David Williams,North Nichole,Delaware,North,A,Type1,19-12-2024,4,863.25,0.12,8357.38,2092.59,1.8,Completed
AGR1252,Frances Gomez,West Antonioburgh,South Carolina,North,D,Type2,23-05-2024,18,315.15,,2969.68,,4.4,Pending
AGR1253,Chelsea Maxwell,Hollyside,North Dakota,South,B,Type2,30-10-2024,9,280.06,0.15,5558.15,312.95,1.1,Cancelled
AGR1254,Jamie Williams,Thompsonchester,California,North,D,Type2,07-09-2023,5,310.36,0.11,4297.88,3989.7,3.7,Completed
AGR1255,Denise Fields,New Zachary,Illinois,North,D,Type1,25-03-2025,14,403.73,0.07,2014.86,367.18,2.4,Pending
AGR1256,Anthony Scott,Camposborough,Washington,South,A,Type1,08-11-2023,6,422.19,0.06,9505.55,199.48,1.4,Cancelled
AGR1257,Desiree Rose,Michaelland,Florida,South,C,Type3,31-07-2025,6,293.59,0.23,5674.17,3744.62,1.4,Pending
AGR1258,Jerry Lang,North Nicholasfort,Washington,East,D,Type3,02-04-2026,7,552.38,0.16,3946.08,4861.84,3.4,Cancelled
AGR1259,Lisa Gomez,West Matthewville,Montana,North,D,Type3,25-04-2025,15,960.06,0.25,1680.02,457.44,1.9,Cancelled
AGR1260,Jason Avila,North Laura,Connecticut,West,B,Type1,03-12-2023,7,882.8,0.3,9952.57,1934.27,1.6,Completed
AGR1261,Michelle Haley,Aprilland,Montana,North,B,Type3,23-02-2026,15,620.48,0.28,2928.14,-176.76,2,Completed
AGR1262,James Cunningham,Melanieview,New Mexico,East,A,Type2,27-08-2024,5,885.53,0.07,7205.88,4835.57,3.8,Pending
AGR1263,Ricky Carter,South Jonathan,California,South,D,Type3,08-11-2025,14,429.69,0.25,9594.42,3076.41,4.3,Cancelled
AGR1264,Michael Nelson,East Jameshaven,New Jersey,West,A,Type2,11-05-2026,9,701.02,0.17,2392.63,,4.9,Cancelled
AGR1265,Janet Meza,South Christopher,Missouri,West,A,Type2,25-02-2025,11,677.43,0.2,2307.16,2296.1,2.9,Cancelled
AGR1266,Jo Williams,Hoffmanport,Arkansas,South,B,Type3,21-12-2023,6,779.07,0.23,8563.97,3377.99,2.7,Cancelled
AGR1267,Dale Roberts,Danielside,Arizona,South,A,Type2,14-05-2024,1,67.72,0.04,7578.14,2112.66,3.3,Cancelled
AGR1268,Ronald Mcgee,New Joshua,Nebraska,West,B,Type1,24-02-2025,6,204.68,,5125.72,2056.24,2.9,Pending
AGR1269,Lisa Adams,Turnerstad,Oregon,East,B,Type2,01-06-2025,19,487.13,0.09,8622.38,2915.04,2.7,Completed
AGR1270,Alyssa Salazar,Rodgersborough,Florida,South,D,Type2,28-08-2025,16,443.94,0.26,6195.03,3434.6,4.6,Completed
AGR1271,Melissa Levine,New Cesar,Mississippi,East,B,Type1,16-06-2023,17,138.65,0.11,3102.54,4336.82,2.1,Completed
AGR1272,Samantha Rivera,Port Felicia,New York,West,C,Type1,10-10-2024,2,82.77,0.29,5008.64,3366.37,3.7,Cancelled
AGR1273,Christopher Brandt,South Jenniferton,Washington,East,C,Type3,24-11-2024,9,434.03,0.06,4585.56,4457.72,4.8,Completed
AGR1274,Paul Stewart,East Joshuaside,South Dakota,East,B,Type2,20-01-2024,9,145.71,0.17,3298.43,769.81,3.4,Cancelled
AGR1275,Walter Mcdonald,South Margaret,North Carolina,South,B,Type3,07-02-2024,9,750.53,0.19,7752.92,937.15,1.5,Pending
AGR1276,Heather Reyes,,Arizona,East,C,Type3,12-12-2023,7,250.72,0.2,5440.4,785.75,3.5,Cancelled
AGR1277,Edward Dalton,Donaldshire,North Carolina,East,D,Type1,18-03-2026,10,677.96,0.08,3753.45,74.22,4.5,Completed
AGR1278,Anthony Odonnell,Smithchester,North Carolina,West,D,Type2,16-10-2023,16,894.73,0.14,8439.86,2730.27,4.6,Pending
AGR1279,Angelica Barber,New Jamesview,Michigan,West,A,Type3,27-05-2026,6,344.77,0,5518.78,1663.32,3.2,Cancelled
AGR1280,Roger Mendoza,Singhhaven,Wisconsin,West,B,Type1,02-02-2024,2,379.77,0.15,1409.73,2827.29,1.5,Completed
AGR1281,Catherine Ramirez,South Lindsaybury,Texas,South,B,Type3,19-02-2024,2,890.72,0.07,7951.2,2381.97,1.7,Pending
AGR1282,Janet Pope,Jordanchester,Georgia,South,A,Type3,26-03-2024,8,783.28,0.29,6924.94,2675.76,3.2,Pending
AGR1283,Frank Wise,West Troy,Virginia,South,B,Type1,04-09-2024,4,861.84,0.02,9837.14,1443.45,4.7,Completed
AGR1284,Robert Stewart,Laneside,Washington,West,C,Type3,11-07-2023,14,513.27,0.08,7166.31,595.68,4.3,Pending
AGR1285,Adrienne Baker,North Kelsey,Connecticut,West,C,Type1,15-12-2024,16,375.65,0.29,5212.65,3258.22,2.8,Completed
AGR1286,Robin Brown,,Texas,East,D,Type1,20-08-2024,10,681.85,,8994.17,3396.37,2.9,Pending
AGR1287,Jorge Yoder,Torresstad,Florida,South,C,Type2,26-12-2024,12,255.34,0.07,3485.41,4629.56,1.3,Cancelled
AGR1288,Daniel Brown,,Arkansas,West,A,Type2,14-05-2026,7,577.12,0.14,7837.81,932.34,4.8,Pending
AGR1289,Whitney Wyatt,Saraville,Alaska,East,D,Type1,05-10-2023,15,666.9,0.16,652.59,4102.97,4,Cancelled
AGR1290,John Petty,Vanessamouth,Utah,South,A,Type2,30-03-2024,15,488.68,0.15,1788.45,-326.6,2.5,Cancelled
AGR1291,Michael Rose,East Anthonyton,Ohio,South,D,Type3,15-07-2023,19,625.08,0.17,5767.64,-249.24,1.6,Completed
AGR1292,Christina Rosales,North Tarafurt,Hawaii,East,D,Type3,03-07-2023,9,871.92,0.26,6685.31,3087.64,2.3,Completed
AGR1293,Kelsey Nolan,East Jessehaven,Kansas,East,C,Type2,12-07-2024,4,251.13,0.22,4961.15,433.05,4.7,Cancelled
AGR1294,Lauren Gilmore,Colefort,Minnesota,North,C,Type3,31-10-2023,4,42.3,0.11,6972.32,902.59,2.5,Completed
AGR1295,Tracey Mcgee,South Joshuaville,New Mexico,West,C,Type3,17-04-2026,3,882.35,0.16,9837.35,,3.6,Cancelled
AGR1296,Jennifer Martin,New Maurice,Indiana,East,B,Type2,24-07-2023,9,616.33,0.16,6426.42,2987.95,4.8,Pending
AGR1297,Timothy Thomas DDS,Robertport,North Dakota,South,A,Type1,30-05-2025,4,592.67,0.07,7807.82,4118.33,3.7,Pending
AGR1298,Catherine Gomez,Mendezmouth,Alabama,West,D,Type1,14-08-2025,19,593.72,0.02,2160.89,1987.71,4.2,Cancelled
AGR1299,Michael Gallegos,East Christopher,Idaho,West,C,Type1,16-02-2024,2,698.17,0.25,5099.53,3555.85,3.2,Pending
AGR1300,Nicole Martin,Bennettville,South Carolina,West,A,Type2,09-02-2024,5,555.14,0.28,8991.47,1159.76,2.2,Completed
AGR1301,Leslie Robertson,South Kenneth,North Carolina,East,B,Type2,14-07-2024,13,795.11,0,8486.52,375.22,3.5,Completed
AGR1302,Melinda Myers,New Christinafort,Kansas,South,A,Type3,13-12-2024,18,428.59,0.02,1613.9,641.34,3.5,Pending
AGR1303,Brandon Turner,Blairfurt,Ohio,West,C,Type3,11-07-2024,1,593.22,0.02,8959.47,4583.47,4.2,Pending
AGR1304,Lisa Holden,East Lisa,Alabama,South,C,Type1,25-03-2025,7,682.25,0.26,5777.67,2670.57,1.4,Completed
AGR1305,Philip Rosario,Port Heather,Maryland,North,C,Type3,14-11-2024,16,763.24,0.15,5459.67,629.76,3.7,Completed
AGR1306,Leslie Castro,East Robertochester,Louisiana,North,B,Type2,04-09-2024,10,453.87,0.15,6216.89,575.34,2.2,Cancelled
AGR1307,Jennifer Sanders,Lake Brenda,Oregon,South,B,Type1,29-12-2024,12,164.3,0.13,7096.88,3111.91,1.2,Pending
AGR1308,Louis Ramirez,Michaelside,Ohio,West,D,Type2,12-03-2026,19,374.03,0.15,1745.14,3084.13,1.9,Pending
AGR1309,Allison Brown,Frankton,Colorado,South,C,Type2,20-11-2024,1,536.92,0.03,2845.64,3752.2,1.9,Cancelled
AGR1310,Kelly Ray,North Samanthafurt,Missouri,East,B,Type3,09-06-2025,15,941.53,0.27,2253.47,3797.42,4.9,Cancelled
AGR1311,Cynthia Norman,South Selena,Oklahoma,North,C,Type2,29-06-2024,14,793.17,0.21,3062.61,103.65,3.2,Completed
AGR1312,Danielle Johnson,Ianshire,Florida,North,D,Type1,18-09-2025,19,935.32,0.28,7748.24,220.83,4.9,Pending
AGR1313,Lori Baldwin,West Rhonda,North Dakota,West,D,Type2,10-03-2024,13,880.88,0.01,6808.23,1665.62,1.7,Pending
AGR1314,Amy Wilson,Donaldfort,Colorado,North,B,Type1,01-08-2023,11,402.75,0.2,9435.44,4181.2,3,Pending
AGR1315,Carlos Blair,Jacobfort,Arkansas,South,D,Type1,12-12-2023,19,385.65,0.24,9353.53,-406.28,3.7,Pending
AGR1316,Brent Chan,Pageberg,Florida,East,A,Type3,22-09-2023,12,661.42,0.25,9448.44,3919.55,3,Pending
AGR1317,Joseph Miller,Charlesburgh,South Dakota,West,A,Type3,27-07-2025,10,362.64,0.1,8703.58,-19.1,3.6,Cancelled
AGR1318,Dwayne Williams,Elainechester,Maryland,East,D,Type3,19-03-2026,4,679.16,0.09,2582,3750.63,2,Completed
AGR1319,Jordan Kelly,Davisstad,Iowa,West,A,Type2,06-10-2023,11,431.74,0.26,1698.13,201.15,1.3,Completed
AGR1320,Wayne Flowers,Scottport,Wisconsin,West,B,Type2,08-12-2023,5,192.63,0.17,2320.41,4638.46,2.6,Pending
AGR1321,Peter Robinson Jr.,Michaelport,Wisconsin,North,D,Type1,16-09-2025,16,753.41,0.16,5190.14,3076.88,1.8,Completed
AGR1322,Mr. Seth Dennis,Valenzuelaland,Nevada,West,A,Type1,09-12-2025,3,133.05,0.06,9590.4,2784.68,4.7,Completed
AGR1323,Erika Wilson,,Missouri,West,B,Type2,20-02-2025,10,162.45,0.01,7450.81,4829.48,3,Completed
AGR1324,Rachel Olsen,Danielville,Illinois,North,B,Type3,01-06-2024,11,244.65,0.21,9694.44,3223.74,3.4,Completed
AGR1325,Patricia White,North Lauren,Iowa,South,A,Type2,13-10-2024,2,525.7,0.02,5279.29,2507.27,2.3,Cancelled
AGR1326,Garrett Aguirre,Lisahaven,Utah,North,D,Type2,14-10-2024,9,645.83,0.11,7501.26,4952.12,1.2,Completed
AGR1327,Julia Green,Fernandezmouth,Wisconsin,East,D,Type3,14-09-2025,12,138.04,0.26,8429.6,4065,1.3,Pending
AGR1328,Wayne Bryan,Snydermouth,South Carolina,West,B,Type3,12-07-2024,13,345.7,0.27,2836.48,4197,2.7,Cancelled
AGR1329,Thomas Herrera,,Washington,East,B,Type3,17-04-2024,3,637.18,0.11,2243.13,1810.76,3.9,Cancelled
AGR1330,Karen Parker,Port Charlottemouth,Michigan,East,C,Type1,21-03-2025,15,401.8,0.12,1336.17,-439.35,2.6,Pending
AGR1331,Tristan Ferrell,Andreaview,Virginia,East,A,Type3,18-02-2026,3,146.09,0.17,501.59,2475.54,2.7,Pending
AGR1332,Annette Allen,Lake Cheryl,Missouri,North,D,Type1,30-07-2023,13,547.76,0.29,4907.6,2798.95,3.3,Completed
AGR1333,Megan Gallagher MD,Steeleville,Missouri,North,C,Type1,04-05-2024,14,654.33,0.14,4085.02,-391.37,2.3,Cancelled
AGR1334,Melinda Saunders,East Erin,Illinois,East,D,Type1,03-07-2025,17,55.18,0.24,8761.95,1891.36,4,Cancelled
AGR1335,Renee Bradford DDS,East Edwardville,New York,South,D,Type1,17-02-2025,10,506.26,0.14,240.79,1400.04,4.8,Completed
AGR1336,Thomas Joseph,Lake Lindafort,North Carolina,South,B,Type3,07-05-2024,7,447.94,0.03,1244.13,1609.95,4.2,Cancelled
AGR1337,Pamela White,Austinstad,Indiana,East,D,Type1,24-12-2024,18,18.39,0.19,2546.79,3418.26,4.5,Pending
AGR1338,Denise Park,West Edward,North Dakota,West,A,Type3,18-07-2023,15,456.95,0.09,6113.35,3804.44,3.7,Cancelled
AGR1339,Mary Bernard,East Erichaven,Nebraska,South,C,Type2,30-04-2026,3,568.34,0.18,7348.04,4805.78,2,Cancelled
AGR1340,Aaron Brown,Port Judithhaven,Georgia,North,D,Type2,01-02-2025,15,239.04,,5816.5,2900.17,1.1,Pending
AGR1341,Carolyn Wright,Robertsonside,Washington,East,A,Type1,19-06-2024,18,42.39,0.12,359.14,3988.92,4,Completed
AGR1342,Teresa Gutierrez,Davidview,Michigan,East,A,Type2,23-04-2026,18,131.91,,7225.64,1100.85,4.5,Completed
AGR1343,Crystal Schwartz,Goldenside,Missouri,West,D,Type3,25-01-2024,3,966.57,0.1,6597.82,223.04,1.1,Completed
AGR1344,Timothy Bradford DVM,Michelleville,Nebraska,East,B,Type2,06-01-2026,3,409.72,0.29,2388.86,2373.37,2.4,Pending
AGR1345,Cynthia Bartlett,Jonesstad,Nebraska,East,A,Type1,12-02-2025,5,247.2,0.17,1720.83,2164.14,1.3,Pending
AGR1346,Haley Brown,Lake Douglas,Pennsylvania,South,D,Type1,26-04-2025,16,546.74,0.28,3521.22,3434.12,3.5,Cancelled
AGR1347,Anthony Burns MD,West Jean,Texas,North,C,Type1,19-11-2023,14,803.44,0.04,293.87,1604.21,4.4,Pending
AGR1348,Angela Li,Lake Bryanland,Alabama,West,D,Type2,24-02-2024,3,443.67,0.1,1978.24,602.57,1.5,Pending
AGR1349,Juan Williamson,West Edward,Washington,North,B,Type3,07-03-2024,14,863.5,0.15,2422.87,1993.64,2,Completed
AGR1350,Alyssa Miller,South Isaiah,Maine,West,D,Type1,04-02-2026,7,905.84,0.26,4591.52,2382.49,4,Cancelled
AGR1351,Lisa Adkins,South Charlesmouth,Montana,West,B,Type1,09-05-2026,11,638.15,0.13,2347,2701.88,3.2,Pending
AGR1352,Robin Russo,South Angelaburgh,Alabama,South,B,Type2,19-11-2025,2,561.03,0.21,9771.7,2692.93,2.5,Cancelled
AGR1353,Vincent Thompson,Reeseview,Texas,West,B,Type3,16-08-2025,15,28.39,0.19,7367.11,3222.72,4.3,Pending
AGR1354,Dawn Short,West Adriana,Kansas,West,B,Type2,21-01-2025,14,597.44,0,202.97,37.98,3.6,Cancelled
AGR1355,David Ibarra,Brianbury,Oregon,West,B,Type2,23-09-2025,6,527.58,,2802.26,,2.6,Completed
AGR1356,Dorothy Ford,Port Sandraview,Virginia,North,A,Type1,11-02-2026,16,208.65,0.17,9281.33,4724.97,3.9,Pending
AGR1357,Heather Wood,Port Sherriburgh,Maryland,West,B,Type1,18-06-2025,13,189.32,0.1,425.08,3484.16,3.8,Cancelled
AGR1358,John Blake,Kelleyshire,Nebraska,West,C,Type3,24-08-2023,3,958.79,0.16,6511.18,3930.19,2.4,Cancelled
AGR1359,Thomas Mayer,Laurenberg,New York,West,D,Type1,11-09-2024,1,800.39,0.02,6500.26,-375.14,4.8,Pending
AGR1360,Marie Steele,Johnsonville,Connecticut,South,D,Type3,22-07-2023,12,227.62,0.02,7514.34,1201.56,2.7,Cancelled
AGR1361,Gerald Clayton,Leachbury,New York,West,D,Type1,22-04-2025,10,685.43,0.22,5749.65,1909.6,4.9,Pending
AGR1362,Ashley Lee,Deborahtown,South Dakota,South,D,Type1,27-08-2023,13,504.06,0.25,7998.84,,4.9,Completed
AGR1363,Yvonne Bennett,Reidton,Massachusetts,North,D,Type1,20-05-2025,12,847.25,0.16,7985.63,1278.56,3.4,Cancelled
AGR1364,Lawrence Yang,Bakerborough,Ohio,South,B,Type1,28-11-2024,17,192.39,0.17,237.35,4635.56,3.1,Pending
AGR1365,Roy Davis,North Tylermouth,North Carolina,East,D,Type2,01-10-2025,1,104.19,0.01,7559.24,800.26,4.7,Completed
AGR1366,Mason Sullivan,Lake Michelle,Montana,South,A,Type1,11-01-2026,18,630.27,0.1,6592.32,2528.66,2.5,Cancelled
AGR1367,Joseph Parker,Tinaton,Nevada,North,A,Type3,29-09-2025,14,45.53,0.3,8029.58,479.96,1.2,Completed
AGR1368,Daniel Wilson,East Michaelland,Florida,North,C,Type2,13-04-2024,13,890.81,0.21,5469.91,321.76,1.3,Pending
AGR1369,James Fisher,East John,Wyoming,East,B,Type1,16-08-2025,13,944.79,0.06,4157,,3,Cancelled
AGR1370,Andrew Keller,Johnburgh,Illinois,East,C,Type3,21-06-2023,11,477.29,0.28,1670.16,,1.9,Cancelled
AGR1371,Paul Henry,Michelleburgh,Utah,South,C,Type1,22-01-2024,19,591.14,0.21,7182.97,1564.73,2,Completed
AGR1372,Donald Martinez,North George,Washington,North,A,Type1,19-11-2023,13,606.29,0.22,9179.19,1689.45,3.1,Completed
AGR1373,Andrew Hines,Christianview,Utah,West,C,Type2,17-08-2025,1,362.42,0.22,1117.04,-32.09,3.5,Pending
AGR1374,Barbara Long,Johnsonfurt,Arkansas,West,D,Type1,16-04-2026,3,110.86,0.03,3865.44,148.24,4.2,Pending
AGR1375,Eric Castillo,West Sarahbury,Kansas,North,A,Type1,30-03-2025,15,375.38,0.2,9412.04,3834.62,4.6,Pending
AGR1376,Robert Collins,Kingside,Louisiana,East,B,Type1,14-07-2024,8,449.79,0.08,6827.83,1049.97,2.6,Pending
AGR1377,Mark Daniel,Bakerhaven,South Dakota,North,B,Type3,02-01-2025,7,997.85,0.25,6412.56,631.11,3.4,Cancelled
AGR1378,Brandon Brown,Barnesville,Maine,East,B,Type2,20-07-2025,10,773.78,,9011.71,-442.8,4.4,Pending
AGR1379,Brandon Gallagher,Josephport,Vermont,South,A,Type2,13-06-2025,18,978.49,0.07,5480.8,4413.52,4.2,Pending
AGR1380,Gary Hughes,,New Jersey,South,B,Type3,22-08-2023,11,627.85,0.22,4878.41,647.86,2.4,Completed
AGR1381,Mr. David Li,Hamiltonstad,Rhode Island,South,C,Type1,15-09-2023,14,402.02,0.09,9937.55,2728.98,5,Pending
AGR1382,Tony Phillips,Tranmouth,Colorado,East,C,Type1,29-11-2023,14,427.06,0.2,5765.76,1619.94,3.6,Pending
AGR1383,Michael Miller,Lake Steven,North Carolina,North,C,Type3,04-11-2024,1,681.46,0.16,9083.39,3363.74,2.3,Cancelled
AGR1384,Sarah Weiss,Port Scott,Colorado,West,B,Type1,29-03-2025,5,794.87,0.15,7692.88,1706.86,4.9,Completed
AGR1385,Haley Quinn,Port Ginamouth,Wisconsin,West,B,Type1,06-08-2024,12,532.02,0.22,5587.29,2603.65,5,Completed
AGR1386,Rachel Barnes,Reginaldport,Iowa,West,A,Type3,09-08-2023,16,16.73,0.22,5311.02,4535.82,1.3,Cancelled
AGR1387,Hannah Brown,,Kentucky,North,B,Type1,15-07-2023,7,332.7,0.17,6224.46,1979.7,3.9,Completed
AGR1388,Joshua Olsen,Lake Susanburgh,Mississippi,West,B,Type3,01-06-2025,19,726.58,0.04,7734.83,974.93,2.6,Pending
AGR1389,Todd Johnson,Port Misty,California,East,C,Type3,16-09-2024,14,101.79,0.12,4860.38,3735.19,1.6,Completed
AGR1390,Kyle Hays,West Daniellemouth,West Virginia,North,B,Type3,19-09-2024,11,119.95,0.29,7254.68,4805.83,4.7,Cancelled
AGR1391,Alan Lee,Deleonstad,Ohio,West,D,Type2,17-04-2025,18,930.64,0.07,7851.38,4146.32,3.8,Pending
AGR1392,Christopher Freeman,New Stevenmouth,Texas,East,A,Type3,30-07-2023,12,19.54,0.07,6629.71,4619.35,3.9,Pending
AGR1393,Diane Miller,East Charles,Minnesota,West,C,Type1,19-03-2024,19,796.66,0.07,515.33,3083.53,2.7,Cancelled
AGR1394,David Delgado,New Jonathan,Hawaii,South,C,Type2,28-03-2024,16,349.32,0.08,8160.63,-317.22,4.1,Cancelled
AGR1395,Jeffrey Shepherd,Lake Danielleville,Michigan,West,B,Type1,27-04-2026,17,836.31,0.12,3263.29,604.72,4.1,Cancelled
AGR1396,Justin Ford,Davidside,Montana,West,A,Type3,24-11-2023,15,320.31,0.28,2111.86,777.65,1.7,Pending
AGR1397,Meghan Trujillo,Port Victoriatown,Idaho,West,C,Type2,20-06-2024,12,645.23,0.03,6275.18,748.58,3.9,Pending
AGR1398,Anthony Cooper,North Troyshire,Georgia,South,A,Type2,16-12-2025,16,711.69,0.28,6687.38,1053.18,3,Pending
AGR1399,Tara Jackson,Lake Lindsey,Illinois,North,C,Type1,26-08-2025,13,97.39,,3877.87,283.77,2.5,Pending
AGR1400,Timothy Miles,Port Jacob,New York,North,C,Type2,15-09-2024,18,823.15,0.15,6345,2325.52,3.5,Completed
AGR1401,Linda Gomez,Garciaport,Texas,South,B,Type3,22-09-2024,4,976.88,0.25,5184.79,3362.3,1.6,Cancelled
AGR1402,Tiffany Martin,Coleberg,Maryland,South,D,Type2,11-07-2023,11,73.21,0.22,6752.17,1356.77,2.5,Cancelled
AGR1403,Nicole Craig,Port Traci,Wisconsin,North,D,Type1,15-10-2023,12,266.34,0.3,5150.54,2425.38,3.2,Pending
AGR1404,Stacie Carpenter,Port Meganhaven,Iowa,South,B,Type2,06-03-2026,6,426.92,0.08,1071.86,-148.36,5,Completed
AGR1405,Donna Thomas,Johnsonmouth,Delaware,West,C,Type3,06-11-2025,14,37.08,,391.37,2872.82,1.7,Completed
AGR1406,James Pearson,Port Karinamouth,Virginia,East,A,Type3,14-06-2024,11,555.92,0.22,4666.03,3329.38,4.7,Completed
AGR1407,Michael Bates,Anthonymouth,Minnesota,West,C,Type3,10-11-2024,19,296.16,0.29,746.18,2529.42,3.1,Completed
AGR1408,Lisa Meyers,Carriemouth,Utah,North,D,Type3,21-07-2025,2,706.65,0.3,1264.59,4473.38,3.1,Pending
AGR1409,Kendra Park,Port Jenniferchester,North Dakota,West,D,Type3,10-06-2024,8,612.17,0.04,5943.4,4370.38,3.8,Cancelled
AGR1410,Sandra Mason,West Nicoleside,Minnesota,West,C,Type1,06-09-2024,15,631.89,0.29,8703.49,2205.32,1.2,Cancelled
AGR1411,Rebecca Bell,Michellemouth,Maine,West,A,Type2,15-07-2024,3,718.33,0.01,7071.23,1682.21,1.3,Cancelled
AGR1412,Justin Lopez,Marioburgh,Connecticut,West,C,Type3,16-05-2024,16,710.81,0.05,6079.97,521.86,4.7,Pending
AGR1413,Connie Wilson,Meganhaven,California,West,D,Type1,18-10-2025,18,221.98,0.19,8189.44,2625.31,1.8,Completed
AGR1414,John Gardner,Hodgesfort,Georgia,East,B,Type1,02-08-2024,18,93.36,0.14,6942.82,47.79,2.2,Completed
AGR1415,Mr. Edgar Carter,Lake Christine,Florida,South,B,Type1,25-03-2024,12,239.9,0.19,5200.78,3229.06,4.3,Cancelled
AGR1416,Jasmine Cole,Lopezfurt,South Dakota,North,B,Type3,25-02-2025,11,882.81,0.07,8483.67,-190.57,2.9,Completed
AGR1417,Eric Young,Vaughnmouth,Nevada,South,B,Type1,09-11-2024,4,36.9,0.15,3554.47,3845.59,3.3,Completed
AGR1418,Catherine Smith,Carolfurt,Montana,North,B,Type1,18-01-2025,9,891.33,0.22,3272.44,3224.76,3.1,Pending
AGR1419,Luis Davis,West Katelynport,New York,South,D,Type3,06-01-2025,7,240.12,0.06,8678.27,749.31,2.7,Cancelled
AGR1420,Teresa Anderson,Isabellaburgh,North Dakota,West,D,Type2,12-11-2023,15,695.31,0.28,586.68,4698.93,3.9,Pending
AGR1421,Alejandra Mcintyre,Hartmanshire,Vermont,East,A,Type3,07-05-2025,3,164.22,0.24,3255.9,156.03,2.9,Completed
AGR1422,Rachel Woods,Lake Franciscoberg,Vermont,East,D,Type1,22-11-2024,11,180.12,0.22,3382.68,4557.14,2.5,Cancelled
AGR1423,Mario Smith,Sharonchester,Michigan,South,D,Type3,25-11-2025,3,913.79,0.21,3484.36,3846.37,1.9,Completed
AGR1424,Charles Harris,Tanyatown,Utah,West,B,Type2,07-09-2023,17,839.12,0.05,3479.44,,1.2,Completed
AGR1425,Donald Gray,New Andreamouth,Wyoming,East,A,Type2,12-08-2024,2,105.09,0.27,1961.57,2918.85,4.9,Completed
AGR1426,Lisa Brown,Marychester,Montana,South,C,Type3,07-07-2023,4,970.39,0.16,4687.72,4795.04,4.5,Completed
AGR1427,Ryan Cox,Evansberg,Delaware,West,B,Type1,11-06-2023,7,302.2,0.03,3946.45,1099.85,3.6,Completed
AGR1428,Danielle Barry,Deniseland,Colorado,North,D,Type1,15-11-2024,5,136.46,0.28,5803.61,1403.66,3,Pending
AGR1429,Vanessa Johnson,Burtontown,Florida,North,A,Type1,10-05-2025,19,151.77,0.19,5271.58,381.89,4.9,Cancelled
AGR1430,Mr. Jordan Maldonado,Lake James,Minnesota,South,D,Type2,01-06-2024,15,906.92,0.24,2830.45,2951.15,1.7,Pending
AGR1431,Jaime Lara,East Kylie,New Hampshire,East,D,Type1,04-05-2024,5,199.5,0.16,2961.32,2570.03,3.4,Pending
AGR1432,Andrew Neal MD,Mathismouth,Arizona,East,D,Type1,16-12-2025,5,210.38,,4848.94,3662.58,2.7,Completed
AGR1433,Anna Owens,Johnhaven,Washington,East,D,Type1,05-11-2025,17,351.19,0.26,7075.58,472.66,2.9,Completed
AGR1434,Virginia Johnson,South Jamie,Illinois,South,C,Type3,18-11-2024,12,531.42,0.17,7270.81,1297.21,1.5,Pending
AGR1435,Tony Edwards,New Daniel,Maine,East,D,Type3,31-10-2023,15,861.83,0.14,5577.19,3702.04,3.7,Pending
AGR1436,David Ortega,North Alison,New York,North,D,Type3,12-02-2026,6,208.33,0.17,8328.31,2367.68,2.8,Cancelled
AGR1437,David Mckinney,North Deanna,Nevada,East,B,Type3,21-02-2024,6,748.26,0.03,8366.9,557.98,2.9,Cancelled
AGR1438,Michael Cooke,Gordonbury,Massachusetts,East,A,Type1,10-03-2024,7,685.54,0.27,9012.16,39.51,1.7,Completed
AGR1439,Michael Gilmore,New Sandraton,Iowa,North,B,Type2,20-03-2024,16,438.13,0.25,6103.34,-263.48,3.1,Pending
AGR1440,Jared Smith,South Crystal,Arkansas,West,C,Type3,24-08-2025,13,775.49,0.2,7690.15,503.05,2.7,Completed
AGR1441,Lisa Lee,Amandaview,Michigan,South,D,Type2,24-03-2024,10,380.26,0.19,4952.63,3919.73,2.2,Pending
AGR1442,Megan Green,Karenville,Colorado,East,D,Type1,13-01-2025,7,749.97,0.02,6802.84,-20.55,3.8,Cancelled
AGR1443,Bobby Noble,Port Nicoleland,Delaware,East,A,Type2,13-10-2023,17,83.25,0,9936.28,-122.65,3.2,Completed
AGR1444,William Patton,New Gerald,Maryland,North,C,Type3,07-11-2024,7,490.02,0.09,8949.32,1542.28,4.9,Pending
AGR1445,Kyle Oconnor,North Tonifort,Pennsylvania,North,C,Type2,22-09-2024,17,716.53,0.28,5444.46,2031.11,3.1,Completed
AGR1446,Justin Fry,Lake Michaelhaven,Texas,West,D,Type1,09-11-2025,2,354.91,0.24,8666.71,3708.96,4.1,Cancelled
AGR1447,Lisa Cooper,Smithmouth,Illinois,West,D,Type3,15-05-2025,17,515.75,0.15,164.32,2681.43,4.4,Cancelled
AGR1448,Vincent Ayala,Bowmanmouth,Hawaii,West,C,Type2,23-06-2024,14,904.88,0.17,1050.18,1365.81,4.4,Pending
AGR1449,Dr. Justin Smith,Port Christopher,Maine,West,C,Type2,15-12-2023,1,153.18,0.23,9678.09,1389.49,4.3,Completed
AGR1450,Judy Ramos,Waretown,Arizona,South,A,Type3,28-09-2024,14,700.07,0.06,4001.48,1534.22,2.1,Completed
AGR1451,Taylor Hayes MD,,Massachusetts,West,A,Type1,16-11-2025,3,28.44,0.18,4428.19,793.86,3.4,Completed
AGR1452,Felicia Ruiz,Greenmouth,Alaska,South,C,Type3,04-12-2023,1,618.81,0.14,1184.87,744.52,4.9,Pending
AGR1453,Jennifer Lara,Lake Patricia,Kansas,West,D,Type3,09-03-2024,10,879.75,0.27,4060.52,4200.68,4.8,Cancelled
AGR1454,Katie Thomas,Port Bryantown,Washington,North,D,Type3,01-02-2026,11,582.39,0.13,8018.43,4803.05,4.5,Cancelled
AGR1455,Autumn Walker,Port George,Georgia,East,B,Type1,27-08-2025,18,483.47,0.14,4642.91,17.95,4.1,Cancelled
AGR1456,Michael Clark,East Dylanville,Louisiana,North,D,Type3,19-10-2025,10,203.76,0.23,1219.47,3291.25,1.4,Completed
AGR1457,Jo Lopez,North Kevinside,New York,North,B,Type1,12-10-2023,5,276.07,0.04,8828.82,-475.2,2.7,Pending
AGR1458,Nicholas Davis,Johnsonshire,Idaho,North,C,Type1,05-08-2025,7,964.37,0.13,8517.58,852.01,2.2,Pending
AGR1459,Jacqueline Smith,West Gregory,Vermont,South,D,Type1,26-06-2023,8,230.21,0.3,3504.61,,2.6,Pending
AGR1460,Ashley Walsh,North Jennifermouth,Mississippi,East,D,Type1,26-08-2025,7,176.68,0.01,5342.6,1213.02,3.3,Cancelled
AGR1461,Jeffrey Martin,Christinafurt,Missouri,South,D,Type3,22-09-2023,9,478.88,0.29,7353.34,830.51,2.6,Cancelled
AGR1462,Kimberly Marsh,Port Heatherstad,Indiana,East,A,Type2,24-05-2025,2,320.18,,8565.73,312.84,2.7,Completed
AGR1463,Justin Sherman,North Kayla,Iowa,South,D,Type1,29-10-2025,1,509.1,0.02,9664.89,4423.61,3.4,Completed
AGR1464,Leonard Farmer,Lake Eric,Ohio,East,B,Type3,04-01-2025,2,502.22,0.27,7425.63,471.57,4.5,Cancelled
AGR1465,Mackenzie Anderson,Lake Anthony,Alabama,South,D,Type1,14-09-2025,4,880.95,0.18,936.73,345.02,1.6,Completed
AGR1466,Aaron Lynn,Gardnerchester,California,East,A,Type3,11-02-2025,2,877.05,0.15,3196.36,725.59,2.1,Pending
AGR1467,Nicholas Hood,New Christinebury,Louisiana,North,B,Type3,30-06-2025,3,197.38,0.27,5280.78,4427.46,1.1,Pending
AGR1468,Martin Hampton,Jennafurt,Louisiana,North,A,Type1,01-11-2025,5,308.34,0.19,2269.73,-293.39,4.6,Completed
AGR1469,Renee Carpenter,New Andrewberg,Nebraska,North,A,Type2,04-07-2024,4,316.79,0.28,5132.48,173.36,1.2,Pending
AGR1470,Christopher Thomas,West Rodney,Alaska,West,D,Type2,11-11-2025,6,708.93,0.07,7930.16,3888.41,4.3,Cancelled
AGR1471,Cynthia Cox,South Nicholasfurt,Ohio,South,A,Type2,01-10-2024,3,835.48,0.11,5453.86,3847.95,4.4,Cancelled
AGR1472,Amanda Knox,Samuelburgh,Kansas,North,D,Type2,06-03-2024,18,717.17,0.07,9891.12,793.85,1.1,Cancelled
AGR1473,Jennifer Miller,North Lance,Michigan,North,D,Type2,31-05-2025,11,234.49,0.28,9130.08,724.18,4.5,Pending
AGR1474,Alejandro Cox,East Rhondaton,Arkansas,North,B,Type3,18-10-2025,18,498.67,0.18,6593.18,3916.89,2.9,Completed
AGR1475,Stephen Lewis,Callahanton,Colorado,West,A,Type3,27-01-2026,7,547.88,0.24,7576.88,1249.4,4.8,Cancelled
AGR1476,Janet Jones,Lake Dominic,Iowa,South,C,Type1,14-05-2024,14,533.45,0.2,3357.24,-289.72,3.2,Cancelled
AGR1477,Donna Clark,Watersborough,Washington,South,D,Type3,12-01-2025,14,807.73,0.11,4119.18,3259.57,4.2,Completed
AGR1478,Patrick Smith,Port Kaitlin,Massachusetts,North,C,Type2,12-05-2025,18,300.8,0.17,141.09,3731.99,3.4,Pending
AGR1479,Stephen Holland,Antoniomouth,Arizona,West,D,Type2,05-05-2025,15,33.44,0.15,8528.65,2242.87,4.3,Completed
AGR1480,Matthew Cook,Rhondaview,Pennsylvania,West,A,Type1,25-08-2025,14,931.09,0.15,9753.8,2214.56,4,Cancelled
AGR1481,Caitlin Anderson,Port Lisa,Mississippi,East,B,Type2,02-02-2024,11,200.67,0.26,3253.94,3742.75,1.8,Cancelled
AGR1482,David Stanley,Port Ryan,Illinois,South,B,Type2,08-05-2026,10,100.59,0.27,967.38,2495.79,3.3,Cancelled
AGR1483,Scott Jackson,Christopherfort,Kentucky,West,D,Type2,28-12-2023,9,369.51,0.05,5335.3,3177.68,2.6,Cancelled
AGR1484,Alice Tucker,West Heatherside,Montana,South,B,Type2,21-09-2024,13,674.32,0.08,4362.49,4150.58,1,Pending
AGR1485,Christina Davies,Janicefort,Illinois,East,C,Type1,15-07-2025,11,836.67,0.1,1547.56,4477.51,3.5,Completed
AGR1486,Donna Duncan,Alexside,Pennsylvania,North,D,Type3,13-04-2024,14,695.97,0.01,6652.93,4816.09,1.9,Pending
AGR1487,Earl Blake,Jasonbury,New Hampshire,North,A,Type1,31-10-2024,4,742.22,0.06,7390.2,1876.25,4.5,Cancelled
AGR1488,Nancy Matthews,East Jacob,New York,North,C,Type3,08-11-2024,10,679.91,0.3,2567.88,114.41,3.7,Cancelled
AGR1489,April Kirby,South Amandaberg,Nevada,South,A,Type1,30-12-2024,18,666.38,0.05,7912.33,2006.41,1.5,Completed
AGR1490,Karen Kim,Justinfort,Ohio,North,A,Type3,13-09-2025,14,851.23,0.27,4200.06,3947.11,1.2,Pending
AGR1491,Matthew Perry,Aprilside,Rhode Island,North,B,Type1,03-06-2025,16,196.68,,3207.48,3405.29,4.6,Pending
AGR1492,Richard Sanchez,South Justinstad,New Mexico,West,D,Type2,16-04-2024,16,76.71,0.24,1022.29,750.68,4.8,Completed
AGR1493,Samuel Watts,East Haleyview,California,North,B,Type1,14-11-2025,7,625.97,0.25,2031.25,-182.48,4.4,Cancelled
AGR1494,Robert Thomas,Brownstad,New Jersey,East,A,Type3,02-06-2025,16,719.18,0.08,9014.14,1292.23,2,Cancelled
AGR1495,Jody Costa,Shafferhaven,Idaho,West,D,Type3,29-09-2023,9,33.33,0.01,4849.39,480.82,2.2,Cancelled
AGR1496,William Alvarez,Scottberg,Delaware,South,D,Type2,22-06-2023,19,677.28,0.26,9885.8,3729.4,2.4,Cancelled
AGR1497,Allison Cooper DDS,North Donna,Colorado,North,D,Type2,21-08-2025,14,389.95,0.04,6341.62,1214.04,2,Cancelled
AGR1498,Lauren Carey,West Craigside,West Virginia,North,B,Type2,09-10-2023,10,683.65,0.29,1041.26,3262.17,3.9,Cancelled
AGR1499,Tricia Mcdaniel,New Stevetown,Indiana,South,D,Type3,08-12-2024,15,579.79,0.13,6617.71,1777.77,3,Completed
AGR1500,Cynthia Anderson,East Williamville,Florida,East,A,Type2,26-05-2026,12,358.64,0.22,1369.94,4181.36,3.1,Pending
AGR1501,Cynthia Rich,Mendozahaven,Massachusetts,East,A,Type1,08-10-2025,8,939.33,0,8401.07,4045.37,3,Completed
AGR1502,Jason Simmons,Tylerhaven,Pennsylvania,North,B,Type1,15-09-2025,10,127.54,0.06,8086.82,-78.68,2,Completed
AGR1503,Laura Russo,South Lindsayfurt,Florida,South,C,Type2,07-11-2025,12,236.25,0.05,2731.29,2951.27,4.2,Completed
AGR1504,Marc Johnson,Jessicatown,Texas,South,D,Type3,16-11-2025,3,207.51,0.02,7471.08,984.37,4,Pending
AGR1505,Robert Salazar,West Breanna,Kentucky,East,C,Type2,29-08-2025,19,115.86,0,7314.9,1273.81,4.5,Cancelled
AGR1506,Christopher Francis,Amandaburgh,Kentucky,South,A,Type1,08-03-2025,6,241.67,0.05,3124.97,2854.94,2.6,Completed
AGR1507,Jacob Larson,North Rachel,Nevada,South,D,Type2,21-07-2023,5,649.95,0.23,6167.23,760.27,1.4,Pending
AGR1508,Aaron Klein,North Heather,Arkansas,South,A,Type2,06-07-2025,5,267.84,0.05,203.07,163.39,3.1,Completed
AGR1509,Isaac Thomas,Willisstad,New York,East,D,Type2,11-02-2026,7,408.74,0.25,3802.89,474.49,4.4,Cancelled
AGR1510,Brandon Stewart,Port Garyport,Ohio,West,A,Type2,11-12-2025,5,859.98,0.14,1632.34,370.22,3.9,Cancelled
AGR1511,Debra Smith,Alisonland,Montana,North,A,Type3,02-01-2025,19,714.6,0.03,1221.91,818.47,1.3,Cancelled
AGR1512,Cindy Ellis,West Jasonmouth,New York,East,C,Type1,10-05-2026,12,992.28,0.28,6804.39,3375.32,1.5,Pending
AGR1513,Lori Torres,Emilychester,Idaho,East,C,Type2,22-03-2025,9,118.71,,704.35,,1.6,Cancelled
AGR1514,Shannon Watson,West John,Nevada,North,A,Type1,05-10-2025,12,226.89,0.25,1153.82,-123.68,1.7,Cancelled
AGR1515,Eric Dorsey,North Elizabeth,Alaska,East,D,Type1,06-10-2024,8,735.38,0.18,5594.01,2206.96,4.9,Cancelled
AGR1516,David Craig,Lake Lori,West Virginia,North,C,Type1,29-06-2025,2,281.95,0.09,8900.82,-147.28,2.7,Cancelled
AGR1517,Melanie Melendez,Youngburgh,Illinois,East,A,Type1,02-09-2024,2,231.25,0.22,6372.75,1722.13,3.7,Cancelled
AGR1518,Kevin Marsh,Gutierrezshire,Nebraska,South,C,Type3,26-07-2024,13,657.7,0.14,2779.99,2681.87,1.7,Cancelled
AGR1519,Erin Reid,New David,Kentucky,East,D,Type2,10-11-2023,11,207.86,0.28,8363.16,3103.03,3.4,Pending
AGR1520,Joshua Hart,West Laura,Hawaii,East,C,Type2,28-06-2025,14,59,0.1,4916.9,,2,Pending
AGR1521,Tanner Murphy,Mcbrideborough,Arkansas,East,D,Type3,25-07-2025,8,220.92,0.24,1179.08,3561.57,4.9,Pending
AGR1522,Deborah Davis,Riveramouth,Kentucky,West,C,Type3,06-12-2024,17,116,0.07,9420.36,4317.52,3.2,Cancelled
AGR1523,Matthew Barton,Port Jenniferside,Michigan,North,C,Type3,09-09-2023,15,158.92,0.1,3689.73,1062.24,2.3,Pending
AGR1524,Danielle Hall,Millsland,Arkansas,North,C,Type1,29-11-2024,10,666.65,0.09,7932.82,-274.89,3.5,Completed
AGR1525,Christina Moore,Port Cheyenne,New York,West,B,Type2,26-01-2026,16,122.64,0.26,7567.15,866.34,3.3,Cancelled
AGR1526,Judy Warren,Jennifershire,Texas,North,D,Type2,03-12-2023,5,433.87,0.24,6377.33,2090.05,2.9,Pending
AGR1527,Jessica Woods,Coreystad,Vermont,South,D,Type2,07-02-2025,12,858.59,0.12,3491.87,246.1,4.6,Pending
AGR1528,Katrina Key,Hopkinsborough,Ohio,North,D,Type3,30-10-2025,5,88.67,0.27,7805.29,2679.2,4.7,Pending
AGR1529,Jonathan Martin,Thomasport,Kansas,South,D,Type3,22-03-2026,3,429.1,0.22,9002.78,2928.8,1.6,Completed
AGR1530,George Mccoy,Johnsontown,Texas,West,C,Type2,19-03-2024,3,994.87,0.03,9608.12,3540.86,1.6,Pending
AGR1531,Lisa Hernandez,Brooksside,Ohio,West,A,Type1,06-10-2023,9,830.58,0.05,3418.76,-97.87,5,Completed
AGR1532,Mario Crawford,Christinaborough,Tennessee,North,C,Type3,06-06-2023,10,128.38,0.17,5687.74,3748.35,3.5,Completed
AGR1533,Elizabeth Dougherty,Christopherton,Missouri,North,C,Type1,21-11-2025,1,26.7,0.11,7926.53,1906.84,1.7,Pending
AGR1534,Kaitlin Martin,East Jennifer,New York,South,D,Type2,04-11-2024,15,310.55,0.23,9915.98,4278.01,1.3,Pending
AGR1535,Alexander Blanchard,West Amy,Vermont,East,A,Type3,28-04-2026,9,886.29,0.2,4711.2,2427.88,4,Cancelled
AGR1536,Larry Gonzalez,Port Timothy,New Jersey,West,A,Type2,16-09-2024,17,64.31,0.18,2197.1,,4.6,Pending
AGR1537,Anne Martin,Matthewview,Pennsylvania,East,A,Type3,27-03-2026,8,257.55,0.24,8942.75,3454.01,4.2,Completed
AGR1538,Reginald Hamilton,Mackenziestad,Florida,South,D,Type2,10-07-2025,1,875.28,0.14,8095.91,1137.34,2.1,Pending
AGR1539,Jennifer Dalton,Walkerberg,North Carolina,West,C,Type2,02-04-2025,13,503.28,0.08,9060.25,126.14,4.7,Completed
AGR1540,Billy Miller,Cooleybury,Louisiana,North,C,Type2,25-02-2024,12,126.69,0.01,605.53,4300.08,1,Completed
AGR1541,Matthew Jones,Chavezstad,Nevada,South,A,Type2,14-05-2026,14,495.8,0.1,2169.36,1144.73,4.5,Pending
AGR1542,Margaret Benson,Ericshire,Pennsylvania,North,D,Type2,14-11-2025,17,228.11,0.16,3152.12,2405.56,4.9,Completed
AGR1543,Edward Vazquez,Lake Charleschester,Virginia,East,C,Type1,27-07-2025,3,95.63,0.29,6099.51,1816.48,4.6,Completed
AGR1544,Gabriela Nelson MD,Lake Stacey,New Jersey,South,B,Type2,23-06-2024,5,776.52,0.27,8545.26,1687.22,1.4,Pending
AGR1545,Philip Bass,Delgadochester,Kansas,East,A,Type3,23-02-2024,13,585.93,0.13,8006.66,3254.37,4.8,Cancelled
AGR1546,Kenneth Jacobs,Allenport,West Virginia,North,A,Type2,07-09-2024,16,989.29,0.11,3329.33,1113.21,2.4,Cancelled
AGR1547,James Hurley,Josephbury,Delaware,South,C,Type3,24-09-2023,19,387.62,0.03,7752.11,1674.71,3.8,Pending
AGR1548,Megan Smith,Lake Amy,Arkansas,West,A,Type3,22-12-2024,1,501.97,0.19,6277.81,3350.98,1.7,Pending
AGR1549,Brandon Arias,Emilyland,Rhode Island,East,A,Type1,10-04-2024,3,155.21,0.15,3403.13,1554.05,4.7,Cancelled
AGR1550,Jacqueline Oconnell,Jamesport,Louisiana,West,C,Type2,20-01-2025,6,831.18,0.01,1061.57,2536.68,2.5,Pending
AGR1551,Sharon Rivera,West Alejandro,Louisiana,North,D,Type2,01-07-2025,1,214.53,0.05,6418.16,221.09,4.1,Cancelled
AGR1552,Jordan Huang,West Daniel,New York,North,B,Type1,22-09-2025,11,263.83,0.1,6431.57,2485.32,4.8,Pending
AGR1553,Troy Williams,North Brittany,Montana,West,C,Type3,24-07-2025,7,901.99,0.3,1463.31,449.1,4.7,Completed
AGR1554,Aaron James,Johnbury,New Hampshire,East,C,Type1,31-12-2023,13,721.61,0.17,9577.52,4074.28,3.2,Completed
AGR1555,Taylor Kane,Aprilfurt,Virginia,East,C,Type1,24-04-2024,8,405.72,0.12,658.54,1380.63,3.8,Completed
AGR1556,Sarah Nguyen,Kimberlyfurt,Nebraska,South,B,Type3,10-04-2024,16,75.64,0.15,7076.44,4122.54,2.9,Completed
AGR1557,Carrie Tate,Martinezside,Missouri,South,B,Type2,17-06-2024,6,452.13,0.04,9670.95,3356.75,3.5,Pending
AGR1558,Jade Lewis,Pattonfort,Washington,West,B,Type2,24-11-2025,17,782.21,,6961.01,62.65,4.6,Cancelled
AGR1559,Sarah Diaz,Sherriville,Georgia,South,A,Type1,25-02-2025,3,967.3,0.26,7343.11,1930.1,2,Cancelled
AGR1560,Ann Williams,,Hawaii,North,D,Type3,20-07-2023,15,19.9,0.24,551.02,4053.85,3.2,Cancelled
AGR1561,Lisa Thomas,North Kristenhaven,New Mexico,North,C,Type1,28-12-2024,16,196.92,0.29,7918.99,1809.21,3.2,Completed
AGR1562,Dawn Torres,Hartmanland,Louisiana,North,A,Type1,23-04-2026,16,512.14,0.26,1117.71,1170.86,4.6,Pending
AGR1563,Dominique Gonzales,Tylerville,Maine,North,C,Type3,07-04-2024,13,410.07,,1239.57,464.5,2.2,Pending
AGR1564,Christopher Adams,South Evan,Oregon,West,A,Type2,09-11-2024,4,939.2,0.01,3960.18,4040.12,1.6,Pending
AGR1565,Alice Goodman,Sherrystad,Nevada,South,D,Type3,27-01-2026,19,484.52,0.11,4900.43,4847.61,3.1,Completed
AGR1566,Jill Fernandez,Merrittton,West Virginia,North,D,Type2,22-11-2024,10,883.96,0.04,3503.73,879.09,1.1,Cancelled
AGR1567,William Watson,Williamschester,Kansas,South,A,Type3,06-07-2025,8,753.63,0.24,2750.34,4018.05,1.2,Pending
AGR1568,Regina Hoffman,South Amanda,Colorado,North,D,Type3,16-06-2025,14,316.39,0.26,2666.2,3387.33,3.2,Cancelled
AGR1569,Monique Sandoval,Batesview,Mississippi,East,C,Type3,17-11-2024,7,275.93,0.12,7497.41,4062.16,4.9,Completed
AGR1570,Melissa Moran,West Michelle,Washington,North,D,Type1,12-07-2025,8,253.38,0.04,9365.8,908.97,2.9,Cancelled
AGR1571,Chelsea Moran,West Tylerfort,Wyoming,North,B,Type2,21-08-2023,7,823.23,0.23,6156.36,4697.5,3.5,Pending
AGR1572,Jodi Martinez,Port Mirandaburgh,Utah,East,A,Type2,29-05-2024,9,44.46,0.11,9321.8,4292.22,4,Completed
AGR1573,Michele Booth,Taylorbury,New York,North,B,Type2,17-09-2025,10,154.29,0.16,755.94,2553.78,3.8,Completed
AGR1574,Shirley Garcia,Amyberg,Oregon,West,D,Type3,05-11-2024,6,254.34,0,7810.16,818.43,4.7,Cancelled
AGR1575,Kendra Navarro,East Paulaberg,South Carolina,South,C,Type3,27-12-2025,9,513.33,0.24,4512.83,3251.97,2,Pending
AGR1576,David Ayala,Hayesmouth,Ohio,South,B,Type2,06-01-2026,1,426.55,0.29,1195.7,4477.06,1.4,Completed
AGR1577,Mike Brooks,New Deborah,Georgia,North,D,Type1,07-06-2023,17,325.85,0.17,9093.53,2300.07,1.3,Cancelled
AGR1578,Cory Andrews,Millerstad,Mississippi,East,B,Type1,13-10-2024,13,974.55,0.06,3555.09,,4.5,Cancelled
AGR1579,Ethan Martin,South Michelleberg,North Carolina,West,A,Type3,17-08-2024,18,514.53,0.18,6254.46,1121.43,3.1,Completed
AGR1580,Alexis Baker,North Ernest,Missouri,West,D,Type3,05-07-2025,7,303.53,0.28,4458.73,4230.86,1.7,Pending
AGR1581,Carol Washington,Taraburgh,New Hampshire,West,D,Type2,03-10-2024,1,873.93,0.11,1296.55,3564.01,3.9,Pending
AGR1582,Kelly Marshall,,Alabama,South,C,Type3,31-07-2023,13,860.98,0.22,5690.53,3967.65,3.9,Pending
AGR1583,Keith Brown,Andreafort,New York,North,A,Type1,03-12-2024,13,174.39,0.25,3618.84,2984.71,1.3,Completed
AGR1584,Connie Jenkins,Cruzville,South Dakota,North,B,Type3,25-05-2024,5,971.04,0.05,7175.4,2451.8,2.9,Completed
AGR1585,Darryl Huff,South Jessica,Illinois,North,B,Type3,05-07-2024,3,670.95,0.14,9024.19,728.69,4.1,Pending
AGR1586,Jennifer Collins,Rachelberg,South Carolina,West,B,Type2,23-06-2023,15,646.04,0,1987.37,370.57,3.7,Completed
AGR1587,Mr. William Cox DDS,Tamarachester,Iowa,East,D,Type3,06-04-2025,14,613.01,0.26,3922.44,2060.31,2.5,Completed
AGR1588,Donald Hendrix,Sandraland,Kansas,West,B,Type3,21-08-2024,12,526.03,0.2,2608.55,1749.98,3.5,Completed
AGR1589,Ryan Huffman,Lake Natasha,Maine,North,D,Type3,26-09-2023,15,337.5,0.07,6422.03,3573,4.1,Completed
AGR1590,Rachel Meyer,Alishamouth,Minnesota,North,C,Type3,24-08-2025,12,122.49,0.27,3117.58,475.71,3.6,Pending
AGR1591,Elizabeth Jenkins,West Tammyborough,Utah,East,A,Type1,23-08-2025,13,257.24,0.02,4357.14,3066.08,2.9,Cancelled
AGR1592,Patrick Wilson,Lake Sydneyburgh,North Carolina,East,C,Type1,02-09-2025,19,17.97,0.02,5120.5,1026.08,2.4,Cancelled
AGR1593,Brittney Odonnell,South Bryanshire,Minnesota,South,B,Type2,26-08-2023,9,887.56,0.06,4086.51,484.69,4.2,Completed
AGR1594,Robert Carter,Keithside,North Carolina,North,A,Type1,30-08-2023,14,760.26,0.08,4140.72,1945.7,2.3,Cancelled
AGR1595,Emily Porter,Jenniferton,Montana,West,C,Type3,16-09-2023,16,436.64,0.21,1440.28,3992.28,3.8,Cancelled
AGR1596,Lisa Watson,North Sandra,Wisconsin,West,C,Type2,01-04-2026,2,738.41,0.22,1731.11,1894.07,3.8,Pending
AGR1597,Michael Gonzalez,Thompsonberg,New Hampshire,East,C,Type3,09-02-2026,4,568.61,0.03,8843.19,117.22,3.1,Pending
AGR1598,Alex Hopkins,Pamelaville,Alaska,West,D,Type1,01-08-2025,9,689.34,0.26,1153.51,4204.3,4,Pending
AGR1599,Alicia Cook,South Megan,Nevada,South,A,Type3,26-04-2026,9,631.06,0.23,7997.53,598.25,4.3,Cancelled
AGR1600,Brian Miller,Lake Matthewborough,South Dakota,North,D,Type2,16-05-2024,14,908.96,0.19,6731.91,1090.39,1.3,Completed
AGR1601,Pamela Barton,Castillofurt,Alabama,East,D,Type3,05-07-2024,13,22.18,0,7714.91,2941.92,3.2,Cancelled
AGR1602,Herbert Thompson,South Robert,Missouri,East,C,Type2,28-12-2024,1,76.81,0.03,9750.87,4179.45,1.9,Pending
AGR1603,Crystal Cook,South Michael,New Hampshire,South,C,Type1,22-08-2024,13,552.64,0.17,1225.27,4700.84,4.2,Completed
AGR1604,Patrick Bentley,West Louis,Wyoming,South,B,Type2,29-11-2025,12,36.57,0.24,620.68,749.47,2.7,Cancelled
AGR1605,Richard Cummings,Crosshaven,Idaho,West,A,Type3,04-03-2025,18,598.93,0.23,7365.59,331.29,4.5,Completed
AGR1606,Ryan Smith,Castilloton,Oregon,South,D,Type1,21-02-2026,8,373.31,0.23,1685.21,4250.72,3.6,Pending
AGR1607,Mindy Schneider,South Brian,California,North,B,Type2,25-09-2023,7,519.72,0.09,5954.76,146.35,1.5,Completed
AGR1608,Shirley Davis,West Matthew,Pennsylvania,North,A,Type2,16-09-2023,5,531.71,0.04,4645.28,1272.47,2,Pending
AGR1609,Leslie Knapp,,Texas,South,D,Type3,15-12-2025,5,56.37,0.02,8664.46,932.11,2.6,Cancelled
AGR1610,Matthew Serrano,Lake Lauraberg,Maryland,West,D,Type1,17-07-2023,19,113.32,0.15,8138.72,3346.33,2.5,Cancelled
AGR1611,Brandy Michael,Angelaberg,South Dakota,North,D,Type2,30-04-2026,10,462.73,0.13,4877.11,4275.21,2.6,Completed
AGR1612,Wayne Lewis,New Roberttown,New Hampshire,West,C,Type3,24-05-2026,7,401.05,0.18,4327.19,783.1,4.6,Cancelled
AGR1613,Patricia Hunt,West Tylershire,West Virginia,East,B,Type2,22-07-2025,13,774.25,0.18,4253.36,527.39,2.8,Cancelled
AGR1614,Mary Morris,Waynehaven,Michigan,East,A,Type3,06-09-2023,2,390.23,0.25,5876.44,3207.92,1.4,Completed
AGR1615,Megan Ellis,Lake Joanna,Indiana,South,D,Type3,23-03-2024,18,543.06,,5190.44,3487.35,2.2,Pending
AGR1616,Angela Burns,Moniquefort,Delaware,East,A,Type3,29-03-2024,15,16.52,0.18,5215.26,,2.8,Completed
AGR1617,Alice Thomas,Ramirezland,Alaska,East,A,Type1,10-05-2025,10,611.25,0.29,7843.48,2430.92,2.4,Pending
AGR1618,Kimberly Roberts,Ariastown,New York,North,A,Type1,26-09-2023,19,22.97,0.14,5718.91,1819.75,2,Cancelled
AGR1619,Jennifer Valenzuela,Penaview,North Carolina,South,A,Type1,23-12-2023,8,709.6,0.29,9131.37,4210.36,2.7,Pending
AGR1620,Justin Conner,Kevintown,Utah,West,C,Type2,04-04-2024,15,920.44,0.07,5695.45,649.95,4.6,Pending
AGR1621,Tina Curtis,Mercadoshire,Montana,South,D,Type1,05-04-2026,15,57.12,0.3,9680.96,1162.42,2.7,Pending
AGR1622,Julia Ballard,South Erin,Virginia,South,C,Type2,08-11-2024,2,402.58,0.2,9054.68,1297.4,2.4,Cancelled
AGR1623,Alexander Powell,Stephanieville,Arkansas,West,D,Type2,04-11-2025,1,426.91,0,3968.69,1141.7,2.7,Pending
AGR1624,Michael Summers,Edwardmouth,Georgia,South,D,Type2,08-11-2023,1,351.68,0.08,9337.7,4436.98,3.7,Pending
AGR1625,George Gonzalez,Robintown,Hawaii,South,B,Type1,08-07-2023,18,27.79,0.24,4380.23,,1,Pending
AGR1626,Troy Marshall,New Steven,Washington,West,A,Type3,04-07-2023,5,361.51,0.05,1137.58,4079.95,2.6,Cancelled
AGR1627,Nicholas Smith,East Adamchester,North Dakota,West,A,Type1,30-01-2024,7,194.71,0.18,2644.87,4116.94,2.8,Pending
AGR1628,Brandi Lyons,Millerview,Minnesota,South,A,Type3,02-11-2024,3,197.11,0.19,2312.09,2684.3,3.8,Completed
AGR1629,Robert Lane,North Amy,Georgia,East,D,Type1,11-01-2026,17,40.58,0.04,3611.72,2942.76,4.8,Pending
AGR1630,Darrell Moore,Whitneyton,Arizona,East,B,Type2,10-01-2026,16,131.34,0.2,7510.88,24.11,2.2,Completed
AGR1631,Frank Clark,East Jessetown,Hawaii,West,D,Type3,15-09-2023,10,371.08,0.04,9042.89,,1.3,Completed
AGR1632,Rachel Mahoney,Jeffreymouth,California,South,A,Type3,16-12-2024,3,521.54,0.13,4225.73,2886.78,4.2,Completed
AGR1633,Frank Morton,Port Sean,South Dakota,West,B,Type3,01-12-2023,3,248.87,0.12,4361.44,3857.21,2.8,Completed
AGR1634,Timothy Travis,East Debbieshire,Mississippi,South,A,Type2,19-06-2024,1,918.38,0.07,1217.72,-275.25,2.3,Cancelled
AGR1635,John Barnes,North Christopher,Michigan,East,D,Type3,19-03-2026,12,466,0.02,6442.08,4399.02,2.7,Pending
AGR1636,Lori Carr,Martinton,Maine,South,B,Type1,12-04-2024,17,97.21,0.06,3566.49,1406.23,3.8,Completed
AGR1637,Tammy Potter,South Darrell,Tennessee,East,D,Type1,09-01-2025,6,245.64,0.16,811.41,4144.81,1.2,Completed
AGR1638,Kayla Jenkins,New Joannaton,Tennessee,South,D,Type3,18-07-2025,5,358.5,0.17,9139.81,1635.32,3.5,Completed
AGR1639,Barry Jones,North Keith,Arkansas,South,A,Type3,11-04-2024,19,726.08,0.01,1621.54,510.26,3,Cancelled
AGR1640,Dawn Zhang,Blackbury,Maine,West,C,Type1,13-12-2024,19,105.98,,2656.39,3164.1,3.4,Completed
AGR1641,Steven Clark,North Lindabury,North Dakota,West,C,Type3,28-08-2024,15,175.61,0.26,1301.44,2975.1,3.2,Pending
AGR1642,Danielle Neal,Manningfurt,South Carolina,East,A,Type1,14-09-2024,18,633.49,0.17,3766.06,4060.29,1.6,Pending
AGR1643,Timothy Hudson IV,Strongmouth,Pennsylvania,North,D,Type2,30-05-2024,3,347.59,0.29,8420.13,3940.73,3.3,Completed
AGR1644,Aaron Sullivan,East Christine,Florida,West,C,Type1,01-11-2025,19,644.21,0.3,4552.94,2482.12,4.9,Pending
AGR1645,John Morrow,Port Reginaburgh,Nebraska,West,D,Type3,24-02-2024,16,569.01,0.03,2584.91,805.44,1.5,Completed
AGR1646,Elizabeth Ellison,West Erika,Utah,West,A,Type1,25-02-2026,12,282.38,0.29,8265.58,339.6,3.9,Completed
AGR1647,Andrew Webster,Matthewview,Kentucky,West,D,Type1,13-10-2023,16,601.81,0.13,5660.7,769.86,4.3,Cancelled
AGR1648,Thomas Carroll,,New Mexico,North,A,Type3,03-11-2023,2,684.23,0.18,2860.65,4316.06,2,Pending
AGR1649,Alex Jones,East Nicholashaven,Connecticut,West,C,Type2,02-10-2023,3,993.54,0.09,5786.42,4018.7,1.9,Cancelled
AGR1650,Jeffery Carroll,South Vanessa,Maine,East,A,Type3,18-08-2025,10,239.91,0.08,4893.89,-275.85,2.3,Pending
AGR1651,Richard Taylor,Mclaughlinfurt,New Jersey,East,D,Type3,26-03-2026,16,204.35,0.26,7500.71,3888.49,4.9,Completed
AGR1652,Victoria Gentry,North Adrian,Ohio,East,D,Type3,17-03-2026,8,671.7,0.21,4502.27,-310.09,2.8,Completed
AGR1653,Christopher Logan,Darrenfurt,Kentucky,South,B,Type1,04-11-2025,19,400.01,0.25,9921.62,315.52,4.2,Pending
AGR1654,Joanna Lewis,Emilyton,Oklahoma,East,A,Type3,09-07-2024,6,521.66,0.01,2478.57,,1.7,Pending
AGR1655,Anthony Ward,East Rebeccaborough,Nebraska,East,C,Type1,29-04-2026,14,391.57,0.29,5697.28,118.01,1.3,Completed
AGR1656,Tammy Jones,Anthonymouth,North Carolina,East,B,Type3,09-12-2025,3,66.64,0.18,3114.62,208.59,2.6,Completed
AGR1657,Andrew Cole,Acevedotown,Michigan,East,D,Type2,19-05-2025,18,522.86,0.2,7203.21,-52.31,3.3,Completed
AGR1658,Sandra Mendoza,Welchtown,Texas,North,A,Type1,18-05-2026,16,352.57,0.03,8894.29,3200.52,3.8,Pending
AGR1659,Michael Patterson,Port Kimberly,Iowa,West,C,Type2,18-11-2025,5,439.22,0.13,5215.27,-227.7,4.3,Pending
AGR1660,Allison Bishop,Lake Jamesbury,Hawaii,West,A,Type3,24-01-2024,7,479.75,0.15,1010.88,3022.24,1.6,Cancelled
AGR1661,Douglas Grimes,East Morganland,Florida,East,C,Type2,31-01-2025,8,794.12,0.26,2417.77,3000.28,4.2,Pending
AGR1662,Melissa Smith,Aliciatown,Arkansas,South,A,Type1,26-08-2023,14,980.46,0.02,1629.81,1403.15,4,Cancelled
AGR1663,Dana Gonzalez,Johnsonport,Tennessee,East,A,Type3,14-08-2024,19,871,0.12,3959.77,1352.4,1.2,Cancelled
AGR1664,Monica Acosta,East Donaldville,New Mexico,South,B,Type2,07-11-2024,11,419.53,0.13,9750.76,57.48,4.8,Cancelled
AGR1665,Meghan Carter,,Oklahoma,South,D,Type1,10-05-2025,12,276.62,0.2,8801.09,1534.7,2.2,Completed
AGR1666,Ashley Johnson,Pearsonville,Wyoming,West,C,Type3,20-02-2025,2,395.97,0.22,8354.01,-323.93,4.9,Completed
AGR1667,Lisa Williams,Josephborough,Oklahoma,South,B,Type3,16-06-2024,3,811.9,0.18,8411.47,1871.35,3.1,Cancelled
AGR1668,Alexander Rose,South Robertfort,South Carolina,East,C,Type1,11-08-2024,1,794.14,0.19,3274.43,4890.59,4.5,Pending
AGR1669,Michael Hahn,South Nicole,Minnesota,West,D,Type1,25-12-2025,13,788.13,0.01,7489.63,55.17,3.6,Pending
AGR1670,Kayla Craig,West Michellefort,Michigan,West,C,Type2,21-03-2025,3,331.3,0.13,250.09,4395.33,2.2,Cancelled
AGR1671,Tina Cox,East David,South Dakota,North,D,Type1,15-06-2024,5,519.35,0.11,3714.13,-223.24,2.3,Pending
AGR1672,Jay Aguirre,West Mitchelltown,Vermont,North,A,Type1,20-10-2025,17,883.21,0.12,6782.37,3487.96,3.5,Completed
AGR1673,Elizabeth Blackwell,Smithfurt,Massachusetts,North,D,Type2,05-04-2026,11,393.34,0.18,2274.9,4533.37,4,Completed
AGR1674,Curtis Perry,Stevensonhaven,Nevada,East,B,Type1,03-05-2025,6,507.22,0.29,2714.21,4593.71,2.1,Cancelled
AGR1675,Rachael Wilson,Christopherfurt,New York,East,B,Type3,24-06-2024,13,432.81,0.15,6746.32,700.58,3.2,Completed
AGR1676,Stephen Cook,Cantuberg,Nebraska,South,C,Type3,23-02-2024,19,144.64,0.08,5561.46,1934.97,3.3,Completed
AGR1677,John Poole,Johnsonton,Pennsylvania,West,C,Type1,26-10-2025,3,840,0.05,6525.04,477.26,4,Cancelled
AGR1678,Elizabeth Baker,Port Robertmouth,California,North,A,Type3,27-08-2023,16,513.81,0.09,5815.61,426.3,3.3,Pending
AGR1679,Eddie Hicks,New Nicolechester,Nevada,West,C,Type1,14-03-2024,19,842.15,0.22,9501.65,1127.58,3,Pending
AGR1680,Jessica Wilson,New Darren,Hawaii,North,D,Type3,21-09-2023,8,497.1,0.03,9686.6,3097.49,3,Completed
AGR1681,Carl Lopez,Colleenland,Maryland,West,B,Type2,29-10-2025,17,256.14,0.12,2738.76,4710.13,3.2,Cancelled
AGR1682,Joe Schwartz,East Jennifer,Wyoming,North,C,Type1,20-01-2024,4,49.23,0.19,6373.09,4432.88,2.9,Pending
AGR1683,Ryan Reed,Patelberg,Nebraska,South,A,Type1,11-10-2025,9,477.09,0.14,5668.97,,2.4,Pending
AGR1684,Steven Gonzalez,Richardsland,Montana,North,C,Type3,24-10-2025,9,537.68,0.09,614.39,4478.22,2.4,Cancelled
AGR1685,Emily Chapman,Port Chad,Arkansas,West,D,Type3,08-04-2026,16,413.84,0,1440.86,476.24,1.2,Cancelled
AGR1686,Sabrina Murphy,Douglaschester,Louisiana,South,A,Type2,02-10-2024,8,378.25,0.18,3901.4,3790.24,3.7,Completed
AGR1687,Jeremy Waller,Hollowaytown,Arkansas,East,D,Type2,24-06-2025,19,210.35,0.14,3274.22,289.96,4.5,Pending
AGR1688,Dorothy Sellers,North Sherry,South Carolina,North,C,Type3,04-03-2024,12,848.07,0.1,3115.41,267.95,4.1,Completed
AGR1689,Sonya Clark,South Justin,Louisiana,South,D,Type3,15-03-2026,10,268.38,0.11,1940.82,3369.46,3.9,Completed
AGR1690,Diane Li,Port Mary,Texas,North,C,Type2,29-01-2025,16,668.95,0.05,9737.16,2355.48,4.1,Pending
AGR1691,Brenda Patterson,Meganside,Florida,South,B,Type2,06-04-2024,11,932.73,0.12,8777.93,2637.47,3.6,Pending
AGR1692,Jason Kelly,New Dawn,Kentucky,North,C,Type2,10-10-2023,4,36.89,0.23,602.46,3880.74,2.8,Completed
AGR1693,Donna Bryant,Knightfurt,Massachusetts,West,D,Type2,17-01-2024,12,814.59,0.23,9973.9,620.78,3.8,Cancelled
AGR1694,Kayla Mcdonald,Lake Natalie,Pennsylvania,East,B,Type2,08-12-2024,5,906.76,0.08,367.45,1556.29,1.3,Cancelled
AGR1695,Connie Vega,Hughesville,Tennessee,West,C,Type3,02-05-2026,10,57.85,0.09,993.45,235.92,3.3,Pending
AGR1696,Lori Neal,,Maine,North,B,Type3,29-04-2026,19,822.26,0.11,6617.28,4387.01,4.4,Pending
AGR1697,Gabriella Franklin,New Williamberg,Texas,South,A,Type2,12-03-2024,13,440.73,0.28,1725.6,3740.29,4.3,Cancelled
AGR1698,Daniel Miller,Darrylland,Vermont,South,C,Type3,03-06-2024,18,283.08,0.09,1631.71,1983.85,4.7,Cancelled
AGR1699,Curtis Williams,Berrymouth,North Dakota,West,B,Type1,14-05-2026,1,60.58,0.03,1856.93,2318.83,4.8,Pending
AGR1700,William Johnson,Gibsonchester,Delaware,East,A,Type1,01-04-2024,7,932.72,0.26,9976.75,4470.84,1.4,Completed
AGR1701,Bobby Walker,Port James,Indiana,West,B,Type1,30-07-2025,10,631.93,0.22,4883.96,80.62,1.6,Pending
AGR1702,Robert Hughes,Stephanietown,Massachusetts,West,C,Type3,14-01-2026,17,193.03,0.02,5495.49,3307.06,2.6,Cancelled
AGR1703,Diana Rubio DVM,Birdland,Nebraska,North,A,Type3,14-01-2024,18,706.01,0.27,6552.96,900.57,5,Completed
AGR1704,Ricky Barnes,South Anthonystad,Ohio,North,B,Type2,27-11-2023,4,694.08,0.26,8656.87,4516.77,1.8,Completed
AGR1705,Jennifer Hernandez,Lake Melodyborough,Tennessee,East,B,Type1,13-04-2024,5,897.51,0.08,4548.23,1642.04,2.9,Pending
AGR1706,Ricky Gonzalez,Lake Jessicaville,Mississippi,North,C,Type2,30-10-2025,19,812.56,0.02,3420.6,-413,2.8,Completed
AGR1707,Brittany James,Heatherstad,Wisconsin,East,A,Type3,17-07-2023,8,364.34,0.19,102.52,3038.32,1.3,Pending
AGR1708,Robert Gross III,East Kimberlyland,West Virginia,South,D,Type2,04-04-2024,1,512.39,,1174.31,423.91,4.7,Cancelled
AGR1709,Joshua Perry,Andrewstad,Connecticut,South,B,Type3,13-02-2025,3,802.31,0.29,5481.67,4286.39,4.3,Cancelled
AGR1710,Megan Davis,Trujilloshire,Michigan,North,A,Type1,17-11-2024,17,501.99,0.16,9578.78,550.21,1.8,Pending
AGR1711,Lisa Galvan,West Charlesbury,Alabama,West,D,Type1,29-07-2024,11,799.51,0.15,5550.52,813.84,2.3,Pending
AGR1712,Christopher Diaz II,Hartchester,Louisiana,West,D,Type1,09-12-2023,4,806.56,0.2,9248.53,3063.66,3.4,Completed
AGR1713,John Peterson,Nicholsonport,Arizona,West,B,Type3,17-01-2026,14,947.67,0.24,9424.56,4091.04,3,Completed
AGR1714,Barbara Cain,South Tamiberg,North Dakota,East,D,Type2,30-10-2025,7,123.14,0.29,900.34,-398.07,1.5,Completed
AGR1715,Nicole King,New Sarah,Wyoming,North,D,Type3,21-05-2024,15,586.28,0.27,7793.48,1926.06,3,Cancelled
AGR1716,Alexander Ramos,East Lindafort,Alabama,East,D,Type3,24-08-2023,12,270.92,0.14,3629.26,264.73,2.4,Completed
AGR1717,Kelly Hansen,Wilsonside,North Carolina,East,C,Type3,05-05-2026,12,933.28,0.22,9369.98,1987.23,3.4,Cancelled
AGR1718,Veronica Hayden,West Valerie,Tennessee,West,A,Type1,19-02-2025,9,835.97,0.29,9690,3559.65,1.7,Pending
AGR1719,Matthew Frey,Michaelburgh,Alaska,East,A,Type2,18-01-2025,3,303.68,0,1217,975.9,3.9,Completed
AGR1720,Hannah Johnson,Johnstonville,New York,South,A,Type3,19-12-2023,13,962.01,0.02,350.39,1790.42,4.2,Cancelled
AGR1721,Adrian Schmidt,Port Briannaberg,Kentucky,North,A,Type2,16-12-2025,6,562.27,0.12,992.31,-117.21,4.8,Pending
AGR1722,Lindsey Conrad,Copelandside,Washington,West,B,Type3,04-04-2024,13,633.82,0.17,5063.16,4239.59,1.8,Pending
AGR1723,Patrick Wade IV,West Janice,Montana,West,B,Type3,06-01-2024,15,278.98,0.26,1756.39,3805.54,4.9,Completed
AGR1724,Jordan Hamilton,Lindamouth,South Carolina,South,C,Type3,01-11-2024,13,265.33,0.02,106.34,1535.78,3.4,Completed
AGR1725,Elizabeth Mckinney,North Randall,Montana,North,C,Type2,10-03-2024,13,974.15,0.16,9406.7,968.03,3.4,Completed
AGR1726,Jose Smith,Lukeside,Maine,West,B,Type1,03-09-2023,1,56.28,0.01,7587.98,4242.19,4.3,Pending
AGR1727,Corey Carter,Lake Richard,Arkansas,North,A,Type2,11-01-2024,12,710.82,0.3,3640.05,2659.32,3.5,Cancelled
AGR1728,Ashley Jennings,Port Lauriemouth,South Dakota,South,D,Type2,07-02-2026,5,119.8,0.27,9356.42,3177.38,3.7,Cancelled
AGR1729,Jacqueline Carpenter,West Shelley,Tennessee,South,B,Type3,13-04-2026,13,480.34,0.24,2534.88,1799.18,2.8,Cancelled
AGR1730,Jordan Hall,,Missouri,West,A,Type1,03-02-2024,3,476.21,0.02,1292.73,662.07,3.9,Cancelled
AGR1731,Eddie Meyers,Bauermouth,Oklahoma,South,A,Type1,13-08-2023,7,815.8,0.23,196.82,556.79,1.1,Cancelled
AGR1732,Laurie Mercado,Nicholaschester,North Carolina,North,B,Type2,19-05-2026,16,268.26,0.09,3280.38,576.12,1.7,Cancelled
AGR1733,Mary Flowers,New Caitlin,Georgia,East,D,Type3,08-08-2023,10,157.53,0.05,8561.66,908.34,4.8,Pending
AGR1734,Eric Lozano,Torresshire,Wisconsin,South,A,Type1,21-06-2024,7,696.89,0.24,4140.96,4777.7,2.9,Pending
AGR1735,Mr. Alexander Hart,Lake Donna,Vermont,West,A,Type3,27-05-2025,11,575.21,0.01,3639.65,3970.32,3.9,Pending
AGR1736,Andrew Johnson,Port Kelly,Alabama,West,C,Type3,12-05-2026,15,602.81,0.24,2642.79,-267.67,2.5,Pending
AGR1737,Victoria Hardy,Burgessstad,Montana,East,B,Type3,08-07-2023,5,407.73,0.26,5857.18,4109.6,2.8,Cancelled
AGR1738,Evan Smith,Brookstown,Ohio,West,D,Type1,08-12-2025,9,301.78,0.09,7394.01,4554.8,1.7,Cancelled
AGR1739,Billy Price,Julieburgh,Colorado,West,D,Type1,30-12-2024,14,741.56,0.01,3679.87,1069.84,3.7,Pending
AGR1740,Sean Fischer,East Michaelside,Tennessee,South,C,Type3,08-04-2025,7,699.27,0.16,9144.58,2871.88,3.6,Completed
AGR1741,Justin Walker,Tracyville,Arizona,North,A,Type2,19-04-2025,15,848.54,0.28,387.77,3375.45,4.4,Completed
AGR1742,Julia Martin,Angelaland,Iowa,East,D,Type1,29-03-2026,16,793.67,0.19,2675.13,-11.83,3.3,Cancelled
AGR1743,Ellen Wiley,New Sarahhaven,Kentucky,East,C,Type3,12-06-2025,4,581.92,0.05,7146.9,700.73,2.4,Cancelled
AGR1744,Gary Herring,Davidland,Texas,North,B,Type1,07-11-2024,5,833.24,0.25,5711.14,1377.31,2.9,Pending
AGR1745,Michael Evans,Alejandraport,Rhode Island,North,C,Type1,18-03-2025,18,266.16,0.26,9189.08,2826.7,1.5,Pending
AGR1746,Robert Miles,Amandafurt,Tennessee,East,C,Type3,23-12-2025,4,615.06,0.2,1863.51,1221.91,3.5,Cancelled
AGR1747,Tami Henderson,Lake Staceybury,Oklahoma,South,C,Type3,19-03-2024,2,339.32,0.06,666.96,1895.99,3.3,Cancelled
AGR1748,Benjamin Maynard,East Conniefort,Connecticut,West,C,Type3,21-10-2025,18,773.35,,3531.27,-65.47,1,Cancelled
AGR1749,Joseph Martinez,South Reginaborough,Pennsylvania,East,A,Type3,11-12-2025,10,931.11,0.04,4368.82,1041.93,3.4,Cancelled
AGR1750,Mr. Andrew Burke,Lake Thomas,Mississippi,West,D,Type2,10-08-2024,14,718.02,0.23,9826.21,4799.51,3.5,Cancelled
AGR1751,Aaron Bailey,Michaelport,Rhode Island,North,C,Type3,18-12-2024,8,299.05,0.16,3977,4380.47,4.3,Completed
AGR1752,Jose Pope,Lake Brenda,Oregon,North,D,Type3,16-01-2026,18,262.09,0.01,2634.29,3616.54,4.9,Completed
AGR1753,Antonio Mclaughlin,New Luis,Idaho,East,D,Type1,01-01-2025,3,122.13,0.09,9857.36,183.82,4.3,Completed
AGR1754,Randall Gallagher,Merrittport,Pennsylvania,East,D,Type3,19-02-2025,12,695.34,0.12,9876.9,4347.24,4,Completed
AGR1755,Dale Maddox,Patelhaven,Utah,South,D,Type2,30-05-2023,18,939.41,0.16,7603.61,26.52,1.6,Completed
AGR1756,Mr. Jonathan Butler,Lake Annachester,Washington,East,A,Type2,07-11-2025,5,266.54,0.22,6733.74,971.81,2.3,Cancelled
AGR1757,Stanley Goodman,Sherritown,Connecticut,North,B,Type2,24-08-2025,2,988.77,0.18,7803.27,568.73,4.2,Completed
AGR1758,Brandon Lang,Caitlynside,Alaska,West,B,Type3,20-08-2025,18,548.26,0.15,5217.87,473.14,2.1,Cancelled
AGR1759,Melinda Acosta,Jennifertown,Montana,North,B,Type1,12-08-2023,2,725.79,0.2,1887.65,3290.76,2,Pending
AGR1760,Robert Greene,South Amy,Alaska,East,C,Type2,23-07-2024,19,234.12,0.2,4999.17,210.56,4.8,Completed
AGR1761,Spencer Dominguez,South William,Hawaii,East,A,Type1,27-03-2024,16,149.16,0.04,5122.21,4298.96,2.1,Pending
AGR1762,Matthew Lambert II,Kylebury,Maine,North,C,Type2,22-03-2026,14,991.88,,8463.87,1784.73,1.1,Completed
AGR1763,Jeanette Thomas,South Kristen,West Virginia,West,A,Type3,03-09-2025,17,358.58,0.2,2207.11,-261.21,3.6,Cancelled
AGR1764,Kevin Martin,West Kevinberg,Nebraska,West,A,Type3,17-05-2026,7,207.14,0.17,6006.19,4147.21,4.8,Pending
AGR1765,Brian Jones,Gloverburgh,Georgia,East,A,Type1,17-05-2026,1,840.26,0.03,9894.36,3354.06,2.2,Cancelled
AGR1766,Regina Wood,,New York,South,A,Type3,22-05-2025,15,88.8,0.12,4137.83,3840.04,2.6,Cancelled
AGR1767,Susan Watson,East Leemouth,South Carolina,East,C,Type3,16-12-2023,14,138.51,0.17,9269.82,2095.34,1.7,Completed
AGR1768,Jay Nicholson,Navarroburgh,New York,North,D,Type2,18-06-2025,9,815.12,0.07,4318.19,4002.59,1.1,Cancelled
AGR1769,Crystal Ward,Danielmouth,Utah,North,B,Type1,06-06-2024,4,480.77,0.01,9557.1,-287.02,3,Completed
AGR1770,Micheal Parker,New Maryland,Nevada,North,C,Type3,09-11-2023,10,278.73,0.23,247.52,2895.58,1.6,Cancelled
AGR1771,Jason Morris,North Brenda,Indiana,East,C,Type1,25-11-2023,2,439.85,0.05,2129.1,-245.87,2.9,Completed
AGR1772,Jessica Reese,Williamsburgh,Utah,South,A,Type1,01-04-2024,11,975.62,0.29,6042.57,813.14,2.5,Completed
AGR1773,Alex Hill,Sarahport,Florida,East,B,Type1,12-05-2026,5,215.94,0.26,9982.25,3247.14,2.8,Completed
AGR1774,Lisa Davis,New Katrina,Maine,North,B,Type2,20-03-2025,14,105.08,0,943.72,1624.02,4.1,Pending
AGR1775,Erik Kane,South Paulafort,Hawaii,South,A,Type3,25-02-2026,2,927.64,0.24,2189.11,3595.22,2.1,Cancelled
AGR1776,Brenda Krause,Lake Gregory,South Carolina,West,B,Type2,26-03-2024,6,237.44,0.13,5236.83,437.99,4.2,Completed
AGR1777,Julia Caldwell,North Karina,Vermont,East,D,Type2,26-10-2024,4,933.89,0.11,843.23,3071.83,1.8,Cancelled
AGR1778,Tracey Burch,South Maryview,Kansas,South,C,Type3,21-08-2023,11,359.39,0.15,8993.35,1988.75,4.4,Completed
AGR1779,Nicholas Young,New Kaitlyn,New Hampshire,West,C,Type2,02-12-2023,16,32.43,0.17,9945.47,296.39,4.8,Cancelled
AGR1780,Erika Reynolds,Masonside,Alaska,North,C,Type3,28-09-2024,16,485.28,0.23,218.19,3203.4,3.4,Pending
AGR1781,Charles Hunt,South William,Delaware,East,B,Type2,27-12-2025,17,209.18,0.29,1795.9,3557.72,2.9,Pending
AGR1782,James Patel,Troyville,Connecticut,West,B,Type3,29-08-2024,5,464.94,0.27,7539.91,4776.93,1,Cancelled
AGR1783,Brian Johnston,,Ohio,South,D,Type2,17-11-2024,15,557.37,0.21,9506.41,4852.31,3.9,Cancelled
AGR1784,Christina Novak,Lake Aaron,Alaska,North,D,Type2,05-09-2023,6,616.66,0.18,3156.5,3115.8,3.3,Completed
AGR1785,Jeffery Martinez,Danielborough,West Virginia,West,B,Type3,26-12-2023,8,943.31,0.15,4967.87,2443.07,3.1,Cancelled
AGR1786,Tanner Young,West Kennethstad,New Jersey,West,D,Type1,11-03-2026,7,830.13,0.12,8221.07,3154.1,1.5,Pending
AGR1787,Ashley Cruz,Jasonport,Mississippi,West,C,Type2,24-02-2026,13,19,0.25,4795.49,1976.93,1.4,Pending
AGR1788,Elizabeth Sanchez,Salasland,Hawaii,North,B,Type2,04-03-2026,7,891.41,0.22,9761.83,1719.95,4.8,Pending
AGR1789,Nicole Levine,Harveyborough,Michigan,North,D,Type1,16-03-2026,9,215.33,0.04,9007.46,24.08,3.8,Pending
AGR1790,Kristi Richardson,Weissborough,Nevada,North,D,Type3,22-12-2024,7,255.77,0.2,6146.55,4381.09,1.9,Completed
AGR1791,Michele Perez,Port Elizabeth,Montana,South,A,Type2,02-03-2024,18,817.3,0.06,1065.58,3885.9,3.3,Pending
AGR1792,Linda Flores,Weaverborough,Maine,North,C,Type1,24-10-2024,14,517.9,0.01,830.29,4765.6,3.8,Pending
AGR1793,Raymond Carpenter,Longfurt,Tennessee,East,D,Type2,17-07-2025,5,416.98,0.2,9074.3,3366.71,3.9,Cancelled
AGR1794,Rebecca Casey MD,East Jason,Ohio,West,B,Type2,03-12-2023,3,10.26,0.17,5002.88,859.66,1.1,Cancelled
AGR1795,Devin Pena,New Johnshire,Alaska,East,D,Type1,28-03-2026,12,317.24,0.22,1449.7,2926.03,4.8,Completed
AGR1796,Kimberly Quinn,Martinezview,Michigan,East,A,Type2,16-04-2026,11,620.65,0.26,5899.36,1419.58,2.9,Pending
AGR1797,John Sherman,Dominiquefurt,Hawaii,North,B,Type3,07-09-2024,3,101.32,0.14,6039.65,2537.94,4,Completed
AGR1798,Lisa Smith,Weaverview,Utah,North,D,Type2,03-02-2024,3,556.94,0.09,7526.72,,3.8,Cancelled
AGR1799,Elizabeth Thompson,Antonioton,Alaska,North,B,Type2,18-11-2024,13,22.32,0.19,4784.51,4852.88,4.8,Cancelled
AGR1800,Jonathan Fisher,Karentown,Washington,South,D,Type1,24-05-2025,4,665.6,0.01,3119.07,335.94,2.2,Completed
AGR1801,Cassandra Patel,Briggsshire,Delaware,North,B,Type2,01-08-2025,1,65.55,0.18,2058.6,1529.56,3.7,Completed
AGR1802,Richard Weaver,Matthewstad,Arizona,West,A,Type2,10-04-2026,7,75.86,0.04,9691.54,4654.28,1.2,Completed
AGR1803,Eileen Howard,Benjaminmouth,North Dakota,West,D,Type3,28-11-2023,12,724.17,0.22,5391.34,381.27,1.2,Cancelled
AGR1804,Christine Smith,West Angelashire,Vermont,South,B,Type1,29-07-2025,5,731.28,0.1,6129.52,-105.94,3.8,Completed
AGR1805,James Harrell,South Glenstad,Washington,North,B,Type1,01-02-2025,1,209.87,0.24,609.22,1542.48,2.4,Completed
AGR1806,Brandon Smith,Orozcoshire,Alaska,South,A,Type1,20-04-2024,18,102.83,0.14,1092.03,4325.87,1.9,Pending
AGR1807,Christine Smith,Port Jerry,Ohio,South,C,Type3,07-12-2023,9,786.27,0.03,7506.56,1787.95,3,Completed
AGR1808,Justin Smith,South Jessica,Delaware,South,C,Type1,05-05-2026,14,774.48,0.14,6912.54,2691.27,3.4,Completed
AGR1809,Heather Martinez,East Allen,Alabama,North,D,Type1,24-11-2023,18,207.79,0.12,3773.72,683.68,1.1,Cancelled
AGR1810,Jeffrey King,New Natalie,Kansas,West,C,Type2,20-01-2026,6,300.41,0.03,3336.26,-371.83,5,Pending
AGR1811,Samantha Frazier,West Phillipbury,Virginia,East,D,Type3,22-03-2025,11,226.26,0.24,8643.82,36.34,2.7,Cancelled
AGR1239,Kimberly Winters,North Robert,New Jersey,East,C,Type2,11-06-2023,17,58.34,0.1,9258.61,-452.34,1.7,Pending
AGR1569,Monique Sandoval,Batesview,Mississippi,East,C,Type3,17-11-2024,7,275.93,0.12,7497.41,4062.16,4.9,Completed
AGR1686,Sabrina Murphy,Douglaschester,Louisiana,South,A,Type2,02-10-2024,8,378.25,0.18,3901.4,3790.24,3.7,Completed
AGR1473,Jennifer Miller,North Lance,Michigan,North,D,Type2,31-05-2025,11,234.49,0.28,9130.08,724.18,4.5,Pending
AGR1280,Roger Mendoza,Singhhaven,Wisconsin,West,B,Type1,02-02-2024,2,379.77,0.15,1409.73,2827.29,1.5,Completed
AGR1641,Steven Clark,North Lindabury,North Dakota,West,C,Type3,28-08-2024,15,175.61,0.26,1301.44,2975.1,3.2,Pending
AGR1730,Jordan Hall,,Missouri,West,A,Type1,03-02-2024,3,476.21,0.02,1292.73,662.07,3.9,Cancelled
AGR1293,Kelsey Nolan,East Jessehaven,Kansas,East,C,Type2,12-07-2024,4,251.13,0.22,4961.15,433.05,4.7,Cancelled
AGR1025,Elizabeth Bullock,Stricklandton,New Jersey,East,C,Type3,18-11-2025,7,378.77,0.2,9143.64,4993.91,2.7,Pending
AGR1520,Joshua Hart,West Laura,Hawaii,East,C,Type2,28-06-2025,14,59,0.1,4916.9,,2,Pending
